Store_ID,Region,Department,Date,Sales,Returns,Inventory_Units,Foot_Traffic,Profit_Margin
S001,North,Grocery,16-02-2025,34345.11,4914.79,2130,1595,0.22
S001,North,Electronics,16-02-2025,20141.21,641.28,1330,1982,0.27
S001,North,Clothing,16-02-2025,49072.48,5355.29,2685,1832,0.29
S001,North,Home Goods,16-02-2025,64108.77,2546.88,2215,1455,0.14
S001,North,Pharmacy,16-02-2025,29775.75,2485.26,1747,1356,0.16
S002,North,Grocery,16-02-2025,49770.44,1469.68,4547,1199,0.17
S002,North,Electronics,16-02-2025,39644.55,4754.36,1562,1767,0.22
S002,North,Clothing,16-02-2025,13019.28,1237.56,3068,1340,0.11
S002,North,Home Goods,16-02-2025,71677.56,10406.76,1241,1276,0.1
S002,North,Pharmacy,16-02-2025,25008.1,1093.94,4003,1978,0.22
S003,East,Grocery,16-02-2025,64157.67,2198.75,4152,1911,0.16
S003,East,Electronics,16-02-2025,43804.42,3790.81,4893,1202,0.27
S003,East,Clothing,16-02-2025,39234.02,2562.81,1995,769,0.25
S003,East,Home Goods,16-02-2025,31225.15,2805.96,2275,1516,0.29
S003,East,Pharmacy,16-02-2025,64894.7,7438.54,1878,1576,0.22
S004,South,Grocery,16-02-2025,72741.59,6909.34,1492,1564,0.16
S004,South,Electronics,16-02-2025,20742.35,252.83,3568,1867,0.18
S004,South,Clothing,16-02-2025,29076.73,348.08,2522,1092,0.24
S004,South,Home Goods,16-02-2025,61361.41,5819.17,4561,730,0.23
S004,South,Pharmacy,16-02-2025,69472.38,8962.31,1779,1429,0.12
S005,South,Grocery,16-02-2025,34103.19,3534.38,1804,598,0.22
S005,South,Electronics,16-02-2025,27856.92,2467.4,4810,1112,0.29
S005,South,Clothing,16-02-2025,65179.4,7237.66,1502,1266,0.15
S005,South,Home Goods,16-02-2025,12628.18,1382.69,2881,1391,0.12
S005,South,Pharmacy,16-02-2025,12042.9,1193.42,1563,1520,0.2
S006,South,Grocery,16-02-2025,68991.82,3097.8,3796,1694,0.14
S006,South,Electronics,16-02-2025,71285.48,6689.51,4314,1609,0.28
S006,South,Clothing,16-02-2025,50583.01,2599.4,4060,1145,0.19
S006,South,Home Goods,16-02-2025,24198.63,1653.04,2981,1854,0.16
S006,South,Pharmacy,16-02-2025,17935.72,1074.02,3237,1748,0.15
S007,North,Grocery,16-02-2025,52099.86,524.79,1972,1782,0.1
S007,North,Electronics,16-02-2025,43198.57,2956.4,4748,1748,0.12
S007,North,Clothing,16-02-2025,31944.99,4536.42,4445,1995,0.24
S007,North,Home Goods,16-02-2025,33635.92,4912.51,1563,1791,0.15
S007,North,Pharmacy,16-02-2025,42321.15,2205.9,4696,1451,0.11
S008,North,Grocery,16-02-2025,49621.68,3988.35,2589,1354,0.16
S008,North,Electronics,16-02-2025,69037.28,3005.79,2153,1576,0.2
S008,North,Clothing,16-02-2025,74067.28,3250.65,1835,1962,0.25
S008,North,Home Goods,16-02-2025,25446.44,2848.74,3327,1383,0.3
S008,North,Pharmacy,16-02-2025,35923.59,4465.32,3191,1108,0.13
S009,West,Grocery,16-02-2025,43032.92,4622.33,2794,1159,0.17
S009,West,Electronics,16-02-2025,24315.67,2664.05,2534,646,0.17
S009,West,Clothing,16-02-2025,16251.48,2302.4,2959,1050,0.29
S009,West,Home Goods,16-02-2025,18938.86,1093.71,3520,650,0.21
S009,West,Pharmacy,16-02-2025,55225.99,2319.33,3191,845,0.3
S010,North,Grocery,16-02-2025,43581.33,2027.23,3944,1827,0.29
S010,North,Electronics,16-02-2025,46289.07,6182.79,4062,508,0.16
S010,North,Clothing,16-02-2025,55523.26,7136.55,1403,651,0.18
S010,North,Home Goods,16-02-2025,67705.06,8742.75,2648,1943,0.28
S010,North,Pharmacy,16-02-2025,49417.89,557.81,3557,1996,0.23
S011,North,Grocery,16-02-2025,10329,335.83,1337,1321,0.19
S011,North,Electronics,16-02-2025,74639.74,2584.74,2603,1300,0.2
S011,North,Clothing,16-02-2025,21623.48,1325.64,2415,1658,0.24
S011,North,Home Goods,16-02-2025,30023.95,2580.73,1954,969,0.15
S011,North,Pharmacy,16-02-2025,25859.33,3781.19,4436,1062,0.28
S012,North,Grocery,16-02-2025,51024.01,6187.86,1797,783,0.23
S012,North,Electronics,16-02-2025,66170.89,2794.13,1815,1158,0.21
S012,North,Clothing,16-02-2025,59956.01,965.56,4243,1743,0.19
S012,North,Home Goods,16-02-2025,28171.42,3766.21,4963,1560,0.29
S012,North,Pharmacy,16-02-2025,37831.97,5498.18,4170,1199,0.27
S013,South,Grocery,16-02-2025,29139.18,1862.39,3006,1684,0.16
S013,South,Electronics,16-02-2025,21017.03,1848.49,2758,1065,0.24
S013,South,Clothing,16-02-2025,47053.98,1110.7,4359,1353,0.17
S013,South,Home Goods,16-02-2025,26520.64,1361.59,1784,1627,0.24
S013,South,Pharmacy,16-02-2025,55661.47,3357.99,2500,1258,0.18
S014,South,Grocery,16-02-2025,26653.45,2548.39,3875,1402,0.2
S014,South,Electronics,16-02-2025,61889.19,6250.5,3559,899,0.11
S014,South,Clothing,16-02-2025,67630.11,937.78,4425,1333,0.19
S014,South,Home Goods,16-02-2025,53681.7,3003.03,4769,1074,0.3
S014,South,Pharmacy,16-02-2025,64530.68,8418.46,3352,1181,0.26
S015,North,Grocery,16-02-2025,33412.39,928.48,4040,763,0.25
S015,North,Electronics,16-02-2025,24028.37,2335.67,2219,1273,0.11
S015,North,Clothing,16-02-2025,44538.05,3816.42,3870,1435,0.25
S015,North,Home Goods,16-02-2025,73430.39,6042,2693,1156,0.18
S015,North,Pharmacy,16-02-2025,38178.85,4358.73,2369,1240,0.14
S016,South,Grocery,16-02-2025,15256.74,1067.42,2931,1512,0.11
S016,South,Electronics,16-02-2025,69488.89,4998.29,2119,1641,0.24
S016,South,Clothing,16-02-2025,52912.83,2602.82,4343,1712,0.25
S016,South,Home Goods,16-02-2025,46033.01,4402.64,3294,1599,0.21
S016,South,Pharmacy,16-02-2025,20312.02,544.83,4356,1743,0.11
S017,West,Grocery,16-02-2025,12647.37,1641.18,4059,952,0.19
S017,West,Electronics,16-02-2025,16359.22,1289.54,1550,1812,0.19
S017,West,Clothing,16-02-2025,52235.29,873.8,2781,1623,0.11
S017,West,Home Goods,16-02-2025,34349.82,3353.24,3489,1268,0.21
S017,West,Pharmacy,16-02-2025,54457.65,5239.87,1335,757,0.11
S018,South,Grocery,16-02-2025,48075.41,6809.03,2687,1189,0.21
S018,South,Electronics,16-02-2025,18352.52,2267.79,4498,1791,0.18
S018,South,Clothing,16-02-2025,72477.39,9911.22,4627,784,0.11
S018,South,Home Goods,16-02-2025,16550.57,207.73,3546,1253,0.24
S018,South,Pharmacy,16-02-2025,14627.26,799.48,4993,1469,0.1
S019,West,Grocery,16-02-2025,62940.45,3113.01,4267,1325,0.24
S019,West,Electronics,16-02-2025,50881.29,6759.38,4491,1228,0.26
S019,West,Clothing,16-02-2025,28332.25,987.14,3504,1419,0.26
S019,West,Home Goods,16-02-2025,74382.83,5040.66,1977,1508,0.26
S019,West,Pharmacy,16-02-2025,32152.23,4511.15,1036,1892,0.24
S020,East,Grocery,16-02-2025,58094.07,2518.56,2821,1796,0.21
S020,East,Electronics,16-02-2025,42276.48,2728.8,1396,1198,0.12
S020,East,Clothing,16-02-2025,13476.54,1943.26,4986,575,0.17
S020,East,Home Goods,16-02-2025,72192.06,7561.96,4635,1350,0.2
S020,East,Pharmacy,16-02-2025,15413.49,352.02,1395,1548,0.21
S001,North,Grocery,23-02-2025,23827.31,3394.61,2167,1068,0.12
S001,North,Electronics,23-02-2025,70510.39,10322.35,3445,1746,0.11
S001,North,Clothing,23-02-2025,57907.31,5004.83,4914,1157,0.29
S001,North,Home Goods,23-02-2025,54721.95,6959.26,3960,1776,0.27
S001,North,Pharmacy,23-02-2025,37695.95,1551.59,2416,1445,0.28
S002,South,Grocery,23-02-2025,19529.31,1598.78,2445,838,0.22
S002,South,Electronics,23-02-2025,66104,8808.38,2680,1010,0.28
S002,South,Clothing,23-02-2025,48472.77,2861.37,4323,1938,0.2
S002,South,Home Goods,23-02-2025,34569.19,3758.08,1713,538,0.19
S002,South,Pharmacy,23-02-2025,26489.34,1767.59,4709,1581,0.25
S003,West,Grocery,23-02-2025,59867.67,7494.87,2958,1524,0.24
S003,West,Electronics,23-02-2025,25437.92,1679.7,2531,1892,0.12
S003,West,Clothing,23-02-2025,44344.06,3152.29,3105,1184,0.29
S003,West,Home Goods,23-02-2025,12805.39,1725.65,3933,1736,0.3
S003,West,Pharmacy,23-02-2025,14796.78,1295.3,2555,1964,0.2
S004,East,Grocery,23-02-2025,50910.91,5468.08,4486,1896,0.24
S004,East,Electronics,23-02-2025,34973.12,3958.75,4018,1535,0.29
S004,East,Clothing,23-02-2025,13761.15,897.68,4479,1167,0.17
S004,East,Home Goods,23-02-2025,21029.19,2114.67,4719,1197,0.15
S004,East,Pharmacy,23-02-2025,27285.97,1649.39,1739,1001,0.11
S005,East,Grocery,23-02-2025,28184.63,1904.41,3508,1231,0.15
S005,East,Electronics,23-02-2025,18657.03,385.6,1389,1382,0.25
S005,East,Clothing,23-02-2025,49871.99,3418.93,3871,1297,0.27
S005,East,Home Goods,23-02-2025,12939.21,177.16,2824,873,0.26
S005,East,Pharmacy,23-02-2025,74172.95,2303.69,1852,1805,0.18
S006,South,Grocery,23-02-2025,73044.44,9342.14,2484,604,0.18
S006,South,Electronics,23-02-2025,27771.46,496.9,1517,975,0.26
S006,South,Clothing,23-02-2025,74981.65,11211.94,2460,1546,0.25
S006,South,Home Goods,23-02-2025,71409.77,9208.34,2168,1608,0.19
S006,South,Pharmacy,23-02-2025,18395.36,2640.97,1716,1969,0.28
S007,South,Grocery,23-02-2025,59204.94,980.76,3142,1595,0.1
S007,South,Electronics,23-02-2025,42380.74,3249.31,1770,1829,0.27
S007,South,Clothing,23-02-2025,45873.94,4061.28,4805,1262,0.18
S007,South,Home Goods,23-02-2025,18710.99,262.51,4278,1752,0.22
S007,South,Pharmacy,23-02-2025,55765.18,2220.29,4493,1263,0.3
S008,East,Grocery,23-02-2025,49525.71,4909.49,2358,1358,0.12
S008,East,Electronics,23-02-2025,57215.81,4957.32,4552,1483,0.28
S008,East,Clothing,23-02-2025,29367.36,2446.43,3128,632,0.26
S008,East,Home Goods,23-02-2025,39857.54,5097.49,3832,1483,0.11
S008,East,Pharmacy,23-02-2025,50352.37,2952.56,3173,542,0.15
S009,North,Grocery,23-02-2025,14931.12,418.72,4254,1347,0.13
S009,North,Electronics,23-02-2025,19023.77,1897.1,1359,1399,0.17
S009,North,Clothing,23-02-2025,68291.25,5214.35,1092,1171,0.13
S009,North,Home Goods,23-02-2025,22498.79,353.72,2028,1989,0.16
S009,North,Pharmacy,23-02-2025,21505.68,482.12,4584,1144,0.19
S010,North,Grocery,23-02-2025,23411.69,1428.06,2101,1596,0.12
S010,North,Electronics,23-02-2025,41274.45,4387.06,2079,849,0.13
S010,North,Clothing,23-02-2025,34523.59,357.78,3851,1780,0.12
S010,North,Home Goods,23-02-2025,48823.08,7229.53,1302,1138,0.28
S010,North,Pharmacy,23-02-2025,25347.57,2950.3,3125,1739,0.24
S011,West,Grocery,23-02-2025,14052.19,431.17,1882,1530,0.24
S011,West,Electronics,23-02-2025,64888.64,7458.71,2531,1797,0.19
S011,West,Clothing,23-02-2025,44620.12,1960.87,2654,984,0.14
S011,West,Home Goods,23-02-2025,46657.73,5958.16,3133,1997,0.21
S011,West,Pharmacy,23-02-2025,25159.07,1459.47,3072,1917,0.26
S012,North,Grocery,23-02-2025,42398.74,939.93,1110,1993,0.22
S012,North,Electronics,23-02-2025,58453.57,4117.02,3642,924,0.17
S012,North,Clothing,23-02-2025,68477.08,6509.28,4514,814,0.3
S012,North,Home Goods,23-02-2025,49375.36,2133.6,3709,776,0.13
S012,North,Pharmacy,23-02-2025,25987.25,844.47,3890,1969,0.16
S013,East,Grocery,23-02-2025,21269.28,2882.99,1758,1398,0.2
S013,East,Electronics,23-02-2025,36675.79,5410.89,2246,505,0.18
S013,East,Clothing,23-02-2025,73015.58,9577.53,1645,617,0.15
S013,East,Home Goods,23-02-2025,21107.69,2186.97,2464,693,0.21
S013,East,Pharmacy,23-02-2025,47154.82,2319.88,4371,825,0.29
S014,East,Grocery,23-02-2025,56211.91,2132.17,1531,612,0.21
S014,East,Electronics,23-02-2025,55969.96,6575.86,2573,638,0.29
S014,East,Clothing,23-02-2025,30841.74,2872.71,1901,1189,0.19
S014,East,Home Goods,23-02-2025,45659.2,3965.46,3945,512,0.24
S014,East,Pharmacy,23-02-2025,15711.43,462.47,3376,1284,0.12
S015,East,Grocery,23-02-2025,40755.8,3865.86,4490,1618,0.29
S015,East,Electronics,23-02-2025,63990.26,9285.23,1333,875,0.3
S015,East,Clothing,23-02-2025,23325.12,1471.63,3560,1819,0.24
S015,East,Home Goods,23-02-2025,13126.15,1567.42,4850,1372,0.25
S015,East,Pharmacy,23-02-2025,61969.91,7778.37,4236,504,0.15
S016,North,Grocery,23-02-2025,51194.31,7018.8,1600,1565,0.18
S016,North,Electronics,23-02-2025,63078.96,4508.81,4597,1299,0.19
S016,North,Clothing,23-02-2025,29589.56,3392.9,3190,1492,0.15
S016,North,Home Goods,23-02-2025,68472.35,4364.75,2997,1320,0.28
S016,North,Pharmacy,23-02-2025,50575.47,1333.46,2669,1078,0.23
S017,West,Grocery,23-02-2025,31768.86,937.12,4086,1812,0.21
S017,West,Electronics,23-02-2025,68103.02,8199.85,3597,1964,0.16
S017,West,Clothing,23-02-2025,26151.79,2985.29,2277,695,0.21
S017,West,Home Goods,23-02-2025,59559.81,7906.4,3912,1641,0.26
S017,West,Pharmacy,23-02-2025,17191.06,2209.11,3263,1447,0.18
S018,North,Grocery,23-02-2025,61824.2,1915.84,3094,823,0.24
S018,North,Electronics,23-02-2025,56802.37,5666.64,3802,1815,0.24
S018,North,Clothing,23-02-2025,48936.91,6153.91,4325,1371,0.22
S018,North,Home Goods,23-02-2025,36055.34,2692.64,3349,862,0.13
S018,North,Pharmacy,23-02-2025,48104.94,3888.05,1984,1492,0.1
S019,West,Grocery,23-02-2025,66688.05,9369.44,1355,1507,0.24
S019,West,Electronics,23-02-2025,69962.46,7626.85,4177,1508,0.22
S019,West,Clothing,23-02-2025,49436.48,3429.82,4100,1985,0.29
S019,West,Home Goods,23-02-2025,70161.95,5130.07,3861,1928,0.13
S019,West,Pharmacy,23-02-2025,22110.86,2813.58,4072,1066,0.15
S020,North,Grocery,23-02-2025,49513.14,3124.42,2332,1660,0.14
S020,North,Electronics,23-02-2025,61206.34,5785.29,4874,1074,0.18
S020,North,Clothing,23-02-2025,66128.68,9206.07,4974,1733,0.2
S020,North,Home Goods,23-02-2025,69699.56,6425.57,1954,1375,0.28
S020,North,Pharmacy,23-02-2025,26134.72,2374.82,2203,1209,0.11
S001,East,Grocery,02-03-2025,30245.76,3607.39,2002,1161,0.14
S001,East,Electronics,02-03-2025,23824.25,1956.55,1848,1607,0.19
S001,East,Clothing,02-03-2025,46224.85,6031.81,2086,1883,0.2
S001,East,Home Goods,02-03-2025,48700.03,944.33,3262,934,0.14
S001,East,Pharmacy,02-03-2025,68373.53,2647.39,3332,1828,0.11
S002,East,Grocery,02-03-2025,40684.35,3624.07,3065,1268,0.26
S002,East,Electronics,02-03-2025,39463.77,3291.86,1987,1636,0.18
S002,East,Clothing,02-03-2025,46376.62,1471.7,2920,1787,0.27
S002,East,Home Goods,02-03-2025,71497.51,4451.67,2481,661,0.18
S002,East,Pharmacy,02-03-2025,11650.11,371.19,2201,1914,0.23
S003,South,Grocery,02-03-2025,11761.24,483.11,3007,942,0.2
S003,South,Electronics,02-03-2025,48678.18,2798.9,4300,1078,0.28
S003,South,Clothing,02-03-2025,46186.9,5122.77,4874,595,0.3
S003,South,Home Goods,02-03-2025,49207.83,6050.55,4983,951,0.29
S003,South,Pharmacy,02-03-2025,19170.32,1282.4,1822,1443,0.12
S004,North,Grocery,02-03-2025,51160.65,5782.52,4156,646,0.12
S004,North,Electronics,02-03-2025,66968.86,6697.53,1081,1013,0.28
S004,North,Clothing,02-03-2025,50609.48,2885.81,4070,1909,0.17
S004,North,Home Goods,02-03-2025,12224.83,1543.89,1804,1433,0.25
S004,North,Pharmacy,02-03-2025,33579.26,4383.76,2890,1353,0.26
S005,North,Grocery,02-03-2025,17425.47,1554.5,3106,627,0.14
S005,North,Electronics,02-03-2025,41510.59,3393.24,1520,1051,0.24
S005,North,Clothing,02-03-2025,36165.75,1465.55,2301,1758,0.18
S005,North,Home Goods,02-03-2025,18597.95,2530.81,3657,1304,0.1
S005,North,Pharmacy,02-03-2025,69429.42,1838.85,2379,540,0.15
S006,South,Grocery,02-03-2025,46021.57,4657.33,2401,1087,0.14
S006,South,Electronics,02-03-2025,10714.73,312.48,4896,1810,0.27
S006,South,Clothing,02-03-2025,48831.85,4593.73,3040,1320,0.14
S006,South,Home Goods,02-03-2025,69436.78,4765.3,4547,1201,0.2
S006,South,Pharmacy,02-03-2025,13052.79,434.39,2386,1318,0.12
S007,East,Grocery,02-03-2025,60114.09,1175.53,4850,1819,0.19
S007,East,Electronics,02-03-2025,69508.39,7716.45,3791,1750,0.29
S007,East,Clothing,02-03-2025,35782.21,5137.33,1405,568,0.2
S007,East,Home Goods,02-03-2025,27544.23,2357.18,4538,1767,0.11
S007,East,Pharmacy,02-03-2025,42263.81,3954.12,1481,700,0.25
S008,North,Grocery,02-03-2025,16928.89,347.37,2040,1740,0.24
S008,North,Electronics,02-03-2025,48888.59,3635.13,4874,630,0.12
S008,North,Clothing,02-03-2025,10152.06,1476.9,1101,1365,0.12
S008,North,Home Goods,02-03-2025,30448.78,3746.43,3864,1456,0.26
S008,North,Pharmacy,02-03-2025,54886.42,4554.59,1011,1841,0.29
S009,South,Grocery,02-03-2025,59295.51,5897.11,4152,873,0.23
S009,South,Electronics,02-03-2025,73737.49,10063.02,2291,988,0.29
S009,South,Clothing,02-03-2025,12562.74,1366.58,1710,900,0.14
S009,South,Home Goods,02-03-2025,46916.44,6482.37,4853,834,0.24
S009,South,Pharmacy,02-03-2025,29327.69,4088.73,2521,1326,0.29
S010,North,Grocery,02-03-2025,40823.92,5335.11,1934,1494,0.16
S010,North,Electronics,02-03-2025,63879.51,969.76,2182,1675,0.15
S010,North,Clothing,02-03-2025,17836.85,370.53,3852,1694,0.17
S010,North,Home Goods,02-03-2025,57109.84,1093.65,4598,996,0.21
S010,North,Pharmacy,02-03-2025,53007.59,6005.75,4232,515,0.19
S011,West,Grocery,02-03-2025,66983.25,4585.06,1738,1693,0.3
S011,West,Electronics,02-03-2025,10015.44,360.22,2297,1939,0.29
S011,West,Clothing,02-03-2025,14551.93,164.84,1028,1457,0.12
S011,West,Home Goods,02-03-2025,12443.79,960.28,1271,1963,0.15
S011,West,Pharmacy,02-03-2025,35888.68,819.62,4430,839,0.25
S012,East,Grocery,02-03-2025,25520.51,649.91,2165,875,0.16
S012,East,Electronics,02-03-2025,29260.03,1249.55,4736,931,0.1
S012,East,Clothing,02-03-2025,74201.96,5185.84,3864,1867,0.12
S012,East,Home Goods,02-03-2025,72167.02,8784.06,1938,1903,0.18
S012,East,Pharmacy,02-03-2025,67142.69,9551.89,1010,1585,0.22
S013,West,Grocery,02-03-2025,20857.21,3102.79,2594,1833,0.22
S013,West,Electronics,02-03-2025,43324.75,1832.37,1225,1324,0.14
S013,West,Clothing,02-03-2025,22118.49,2635.24,4845,553,0.29
S013,West,Home Goods,02-03-2025,67446.08,9434.72,2913,918,0.25
S013,West,Pharmacy,02-03-2025,55241.34,1742.61,1159,1280,0.14
S014,East,Grocery,02-03-2025,44903.34,4176.53,2933,1880,0.12
S014,East,Electronics,02-03-2025,67034.96,3162.98,1987,1718,0.29
S014,East,Clothing,02-03-2025,66038.3,8144.65,1039,1784,0.25
S014,East,Home Goods,02-03-2025,28290.41,1283.56,1037,827,0.24
S014,East,Pharmacy,02-03-2025,13170.93,1113.79,1036,1839,0.12
S015,South,Grocery,02-03-2025,68141.2,10139.86,2137,1563,0.28
S015,South,Electronics,02-03-2025,43545.14,5961.85,2346,1563,0.24
S015,South,Clothing,02-03-2025,46772.58,2216.27,2285,715,0.26
S015,South,Home Goods,02-03-2025,52799.37,6815.42,4642,1315,0.24
S015,South,Pharmacy,02-03-2025,64405.87,6933.03,2193,855,0.22
S016,East,Grocery,02-03-2025,58926.58,1897.71,4818,1056,0.27
S016,East,Electronics,02-03-2025,11901.07,1494.95,4465,1171,0.17
S016,East,Clothing,02-03-2025,58328.04,1896.03,3403,1781,0.27
S016,East,Home Goods,02-03-2025,42985.4,468.28,2247,1569,0.17
S016,East,Pharmacy,02-03-2025,46389.88,1216.26,3913,1199,0.1
S017,East,Grocery,02-03-2025,63214.16,1768.91,3514,913,0.1
S017,East,Electronics,02-03-2025,38095.65,4861.65,2435,1071,0.14
S017,East,Clothing,02-03-2025,58990.42,7104.39,3963,983,0.11
S017,East,Home Goods,02-03-2025,29562.63,3226.59,1917,900,0.22
S017,East,Pharmacy,02-03-2025,32482.4,3148.46,3257,805,0.3
S018,South,Grocery,02-03-2025,53943.4,3907.35,1762,1750,0.22
S018,South,Electronics,02-03-2025,34934.8,670.32,4104,1378,0.2
S018,South,Clothing,02-03-2025,60076.48,6347.76,4609,1953,0.19
S018,South,Home Goods,02-03-2025,71379.74,1735.03,4560,538,0.21
S018,South,Pharmacy,02-03-2025,63684.85,3297.12,2823,1653,0.25
S019,East,Grocery,02-03-2025,24953.49,708.35,4778,1348,0.29
S019,East,Electronics,02-03-2025,12034.65,1352.43,3350,1368,0.23
S019,East,Clothing,02-03-2025,35843.64,1734.48,2410,1780,0.16
S019,East,Home Goods,02-03-2025,57087.47,6531.79,4234,1508,0.23
S019,East,Pharmacy,02-03-2025,33954.21,4448.35,3255,1583,0.14
S020,North,Grocery,02-03-2025,66460.51,7890.43,1590,1550,0.27
S020,North,Electronics,02-03-2025,59466.56,5808.15,1959,1192,0.28
S020,North,Clothing,02-03-2025,72888.23,2621.37,1526,1676,0.1
S020,North,Home Goods,02-03-2025,48891.27,4645.79,2875,1020,0.14
S020,North,Pharmacy,02-03-2025,41953.65,796.67,2013,1000,0.15
S001,South,Grocery,09-03-2025,61841.34,3305.46,4788,1220,0.1
S001,South,Electronics,09-03-2025,14709.05,955.34,2389,1106,0.24
S001,South,Clothing,09-03-2025,52703.95,6113.04,3043,601,0.28
S001,South,Home Goods,09-03-2025,57078.55,6557.33,2576,900,0.12
S001,South,Pharmacy,09-03-2025,47108.79,592.23,2333,1609,0.14
S002,South,Grocery,09-03-2025,32491.08,3853.85,1241,501,0.21
S002,South,Electronics,09-03-2025,67364.68,1451.79,3636,615,0.17
S002,South,Clothing,09-03-2025,30936.16,4542.83,1089,621,0.26
S002,South,Home Goods,09-03-2025,23009.77,769.62,2328,816,0.24
S002,South,Pharmacy,09-03-2025,12053.1,1700.33,4430,722,0.21
S003,South,Grocery,09-03-2025,56088.93,7400.13,2713,1841,0.26
S003,South,Electronics,09-03-2025,49796.77,3874.97,1458,1607,0.21
S003,South,Clothing,09-03-2025,48835.93,5847.45,1894,1014,0.11
S003,South,Home Goods,09-03-2025,20659.97,1475.23,4025,1513,0.22
S003,South,Pharmacy,09-03-2025,52269.12,4029.9,2266,621,0.17
S004,West,Grocery,09-03-2025,40561.87,4632.13,4804,808,0.23
S004,West,Electronics,09-03-2025,42382.72,3719.12,3961,1161,0.17
S004,West,Clothing,09-03-2025,45261.11,3578.29,3971,1254,0.24
S004,West,Home Goods,09-03-2025,14692.9,209.98,1352,1402,0.19
S004,West,Pharmacy,09-03-2025,66437.71,7427.98,1956,523,0.19
S005,West,Grocery,09-03-2025,32485.77,2012.34,3579,1455,0.11
S005,West,Electronics,09-03-2025,66357.05,6039.46,3467,1773,0.25
S005,West,Clothing,09-03-2025,41633.48,5507.25,2441,1431,0.18
S005,West,Home Goods,09-03-2025,27993.81,2601.44,2269,1136,0.14
S005,West,Pharmacy,09-03-2025,50492.83,4969.43,3958,1366,0.26
S006,East,Grocery,09-03-2025,36345.16,3425.89,4369,1439,0.17
S006,East,Electronics,09-03-2025,43319.99,2938.15,4052,1052,0.15
S006,East,Clothing,09-03-2025,66598.74,4817.94,1503,730,0.17
S006,East,Home Goods,09-03-2025,48541.81,1596.7,3938,527,0.15
S006,East,Pharmacy,09-03-2025,52687.88,2925.58,2447,959,0.13
S007,South,Grocery,09-03-2025,73038.37,5370.55,4466,1533,0.11
S007,South,Electronics,09-03-2025,21034.26,1740.97,2801,1343,0.27
S007,South,Clothing,09-03-2025,38007.69,1703.5,2706,1471,0.24
S007,South,Home Goods,09-03-2025,20857.72,698.04,4192,1630,0.25
S007,South,Pharmacy,09-03-2025,53147.29,4063.02,4568,655,0.27
S008,East,Grocery,09-03-2025,46279.12,3960.88,2939,833,0.11
S008,East,Electronics,09-03-2025,44526.02,6283.73,3844,1524,0.12
S008,East,Clothing,09-03-2025,39392.94,5544.26,3884,1684,0.2
S008,East,Home Goods,09-03-2025,12702.24,390.82,3740,741,0.29
S008,East,Pharmacy,09-03-2025,10321.1,1478.54,4377,1708,0.22
S009,North,Grocery,09-03-2025,26524.6,2202.66,1918,1951,0.21
S009,North,Electronics,09-03-2025,18173.2,519.39,1307,1859,0.29
S009,North,Clothing,09-03-2025,57638.43,1886.71,2364,628,0.25
S009,North,Home Goods,09-03-2025,20150.65,863.23,2518,585,0.15
S009,North,Pharmacy,09-03-2025,53006.1,7792.34,3474,1937,0.2
S010,South,Grocery,09-03-2025,50160.07,6603.41,3791,1087,0.12
S010,South,Electronics,09-03-2025,61708.17,8553.67,4072,1670,0.29
S010,South,Clothing,09-03-2025,63744.53,6589.66,3408,1743,0.13
S010,South,Home Goods,09-03-2025,49322,2689.81,4232,1612,0.27
S010,South,Pharmacy,09-03-2025,60855.06,5439.36,1488,1470,0.28
S011,North,Grocery,09-03-2025,36269.12,2023.26,2637,518,0.26
S011,North,Electronics,09-03-2025,59548.53,7246.69,1850,1888,0.26
S011,North,Clothing,09-03-2025,17813.59,1536.04,2624,1224,0.16
S011,North,Home Goods,09-03-2025,33820,2214,1916,1327,0.21
S011,North,Pharmacy,09-03-2025,48771.56,4213.68,3338,601,0.11
S012,East,Grocery,09-03-2025,49224.16,5097.15,3889,1461,0.19
S012,East,Electronics,09-03-2025,34686.08,4539.25,3863,1973,0.2
S012,East,Clothing,09-03-2025,11666.73,674.04,1011,1656,0.18
S012,East,Home Goods,09-03-2025,47711.2,4041.35,3830,542,0.25
S012,East,Pharmacy,09-03-2025,62844.07,6946.61,1890,926,0.1
S013,West,Grocery,09-03-2025,22725.57,251.32,2838,1640,0.28
S013,West,Electronics,09-03-2025,25826.35,3610.13,4854,823,0.29
S013,West,Clothing,09-03-2025,32855.47,795.07,2916,1463,0.15
S013,West,Home Goods,09-03-2025,28516.74,1511.97,3798,1679,0.21
S013,West,Pharmacy,09-03-2025,30235,2885.83,2681,501,0.15
S014,East,Grocery,09-03-2025,36880.69,998.14,4530,1786,0.24
S014,East,Electronics,09-03-2025,21793.49,1820.25,4654,1458,0.12
S014,East,Clothing,09-03-2025,46875.29,2152.46,1035,1607,0.2
S014,East,Home Goods,09-03-2025,62389.52,5429.87,2399,1885,0.12
S014,East,Pharmacy,09-03-2025,10167.96,1009.86,2300,1225,0.22
S015,North,Grocery,09-03-2025,61593.35,6191.66,1983,877,0.17
S015,North,Electronics,09-03-2025,68882.92,8113.87,2072,1677,0.15
S015,North,Clothing,09-03-2025,29633.93,3333.05,4683,1583,0.23
S015,North,Home Goods,09-03-2025,62619.45,7347.26,4040,1962,0.22
S015,North,Pharmacy,09-03-2025,20920.92,2367.46,2249,1172,0.14
S016,South,Grocery,09-03-2025,16221.45,215.9,4726,918,0.22
S016,South,Electronics,09-03-2025,45535.33,1934,3637,1600,0.22
S016,South,Clothing,09-03-2025,42289.85,6271.16,2826,762,0.24
S016,South,Home Goods,09-03-2025,36280.72,2537.76,4238,958,0.3
S016,South,Pharmacy,09-03-2025,18345.63,450.85,2241,1625,0.22
S017,East,Grocery,09-03-2025,27820.44,587.53,1743,852,0.22
S017,East,Electronics,09-03-2025,36077.21,2214.2,2093,924,0.22
S017,East,Clothing,09-03-2025,38756.65,4901.2,1955,1016,0.11
S017,East,Home Goods,09-03-2025,51610.93,2475.29,2735,566,0.21
S017,East,Pharmacy,09-03-2025,31081.69,1759.85,4909,1653,0.3
S018,South,Grocery,09-03-2025,53019.55,4670.48,3401,1994,0.19
S018,South,Electronics,09-03-2025,13909.25,1234.05,4619,952,0.14
S018,South,Clothing,09-03-2025,54850.32,2091.48,1207,1117,0.12
S018,South,Home Goods,09-03-2025,39274.11,4550.41,1656,1923,0.23
S018,South,Pharmacy,09-03-2025,61704.25,8626.56,1236,1802,0.18
S019,West,Grocery,09-03-2025,19907.04,2965.11,4943,1771,0.21
S019,West,Electronics,09-03-2025,64732.16,5368.5,3453,1477,0.26
S019,West,Clothing,09-03-2025,66204.6,6301.89,3507,1237,0.11
S019,West,Home Goods,09-03-2025,17647.19,738.18,3796,860,0.12
S019,West,Pharmacy,09-03-2025,70902.26,6206.24,2866,1334,0.18
S020,West,Grocery,09-03-2025,39068.17,3675.66,1310,761,0.28
S020,West,Electronics,09-03-2025,42302.63,6298.95,4172,743,0.14
S020,West,Clothing,09-03-2025,70488.69,1853.24,1593,1952,0.18
S020,West,Home Goods,09-03-2025,67068.33,8821.36,1133,1590,0.26
S020,West,Pharmacy,09-03-2025,29804.14,635.68,2428,1077,0.13
S001,West,Grocery,16-03-2025,24534.94,3533.65,3001,765,0.26
S001,West,Electronics,16-03-2025,18614.1,2432.53,1163,594,0.2
S001,West,Clothing,16-03-2025,49406.44,5784.18,3428,1959,0.2
S001,West,Home Goods,16-03-2025,35913.1,1095.08,4188,981,0.11
S001,West,Pharmacy,16-03-2025,11677.77,337.76,2603,1696,0.21
S002,South,Grocery,16-03-2025,72778.44,5134.5,4724,1042,0.2
S002,South,Electronics,16-03-2025,38568.26,956.23,1389,1171,0.14
S002,South,Clothing,16-03-2025,50273.22,5079.01,3514,786,0.11
S002,South,Home Goods,16-03-2025,60749.5,4518.07,1641,881,0.3
S002,South,Pharmacy,16-03-2025,13755.74,1476.06,1456,1482,0.15
S003,East,Grocery,16-03-2025,19246.21,519.53,1189,1382,0.14
S003,East,Electronics,16-03-2025,54955.17,5304.67,2795,1284,0.15
S003,East,Clothing,16-03-2025,24352.17,835.9,1419,623,0.27
S003,East,Home Goods,16-03-2025,57080.64,6900.66,4774,1267,0.14
S003,East,Pharmacy,16-03-2025,33904.36,2304.76,2549,954,0.25
S004,South,Grocery,16-03-2025,60004.82,692.72,1385,904,0.1
S004,South,Electronics,16-03-2025,26887.86,3130.84,4897,1946,0.22
S004,South,Clothing,16-03-2025,31027.53,3934.37,3540,1736,0.14
S004,South,Home Goods,16-03-2025,14200.08,226.76,1464,1494,0.15
S004,South,Pharmacy,16-03-2025,51995.86,4154.82,2791,682,0.13
S005,South,Grocery,16-03-2025,18267.98,2394.06,1623,1093,0.2
S005,South,Electronics,16-03-2025,34432.74,2245.93,4493,1053,0.26
S005,South,Clothing,16-03-2025,67985.5,9772.7,1016,1643,0.16
S005,South,Home Goods,16-03-2025,54728.76,3900.21,3076,1620,0.27
S005,South,Pharmacy,16-03-2025,12497.71,1702.77,1788,1807,0.23
S006,East,Grocery,16-03-2025,52858,7152.56,3247,1444,0.22
S006,East,Electronics,16-03-2025,14332.38,1183.53,3514,1080,0.25
S006,East,Clothing,16-03-2025,43294.42,4555.95,1844,1723,0.12
S006,East,Home Goods,16-03-2025,56561.02,1136.41,1407,1163,0.11
S006,East,Pharmacy,16-03-2025,43057.65,2767.03,2950,865,0.3
S007,West,Grocery,16-03-2025,73098.75,10374.48,3546,1039,0.17
S007,West,Electronics,16-03-2025,36788.51,3198.62,3037,1875,0.11
S007,West,Clothing,16-03-2025,37579.3,810.45,3415,1743,0.28
S007,West,Home Goods,16-03-2025,60861.52,2549.97,3376,1461,0.23
S007,West,Pharmacy,16-03-2025,10677.8,488.59,3883,668,0.29
S008,West,Grocery,16-03-2025,41086.59,5563.7,2801,648,0.13
S008,West,Electronics,16-03-2025,40831.85,1059.75,1780,659,0.25
S008,West,Clothing,16-03-2025,62765.04,6396.2,1522,1021,0.17
S008,West,Home Goods,16-03-2025,70325.44,2914.72,2688,987,0.19
S008,West,Pharmacy,16-03-2025,38561.32,3694.62,3837,913,0.29
S009,East,Grocery,16-03-2025,53938.85,4285.26,3160,1387,0.3
S009,East,Electronics,16-03-2025,53644.57,2916.61,1038,996,0.15
S009,East,Clothing,16-03-2025,45361.08,4493.01,4069,1160,0.3
S009,East,Home Goods,16-03-2025,58632.47,5165.16,1662,735,0.11
S009,East,Pharmacy,16-03-2025,30803.89,3556.19,2368,1033,0.21
S010,South,Grocery,16-03-2025,57316.57,1439.34,1212,962,0.12
S010,South,Electronics,16-03-2025,72733.43,5700.5,2430,587,0.17
S010,South,Clothing,16-03-2025,36872.07,4282.54,2376,1195,0.22
S010,South,Home Goods,16-03-2025,16885.5,527.16,2053,607,0.23
S010,South,Pharmacy,16-03-2025,59472.9,1927.52,1361,1709,0.1
S011,South,Grocery,16-03-2025,26034.13,2908.13,1448,1627,0.14
S011,South,Electronics,16-03-2025,67188.07,6857.11,3520,1533,0.25
S011,South,Clothing,16-03-2025,62982.69,6052.44,4137,1436,0.18
S011,South,Home Goods,16-03-2025,45015.22,3753.47,3281,1101,0.27
S011,South,Pharmacy,16-03-2025,64124.23,740.28,2656,1941,0.25
S012,West,Grocery,16-03-2025,54094.62,6268.33,4806,1514,0.19
S012,West,Electronics,16-03-2025,42633.26,1170.71,4694,1904,0.23
S012,West,Clothing,16-03-2025,60725.99,2453.89,4225,1992,0.1
S012,West,Home Goods,16-03-2025,21594.22,303.83,3989,687,0.26
S012,West,Pharmacy,16-03-2025,16044.39,1481.67,3563,1744,0.23
S013,North,Grocery,16-03-2025,14215.48,1296.42,2078,999,0.21
S013,North,Electronics,16-03-2025,49226.7,5154.31,1593,658,0.1
S013,North,Clothing,16-03-2025,30937.02,3066.13,3258,905,0.24
S013,North,Home Goods,16-03-2025,58485.14,8625.14,2140,1426,0.27
S013,North,Pharmacy,16-03-2025,43819.28,2729.27,2373,682,0.25
S014,North,Grocery,16-03-2025,25330.74,1570.48,2136,1262,0.26
S014,North,Electronics,16-03-2025,59828.25,6743.02,2141,660,0.18
S014,North,Clothing,16-03-2025,51351.53,6161.73,3010,898,0.18
S014,North,Home Goods,16-03-2025,64587.15,4116.57,3184,1101,0.22
S014,North,Pharmacy,16-03-2025,21990.96,1335.14,3097,1472,0.24
S015,North,Grocery,16-03-2025,48077.66,4428.29,3757,1062,0.29
S015,North,Electronics,16-03-2025,26854.29,1883.88,1580,1872,0.19
S015,North,Clothing,16-03-2025,41258.89,2926.3,1703,760,0.24
S015,North,Home Goods,16-03-2025,51026.09,866.32,4366,1509,0.28
S015,North,Pharmacy,16-03-2025,60713.85,666.89,3856,1705,0.15
S016,South,Grocery,16-03-2025,18537.71,1220.47,2619,1484,0.29
S016,South,Electronics,16-03-2025,14482.27,260.5,3461,1865,0.15
S016,South,Clothing,16-03-2025,26053.62,3566.11,1631,1405,0.15
S016,South,Home Goods,16-03-2025,59360.89,4331.18,1204,1081,0.11
S016,South,Pharmacy,16-03-2025,41692.13,613.12,3643,749,0.21
S017,South,Grocery,16-03-2025,32484.83,1758.29,3010,1593,0.28
S017,South,Electronics,16-03-2025,11418.52,1175.31,2171,1995,0.21
S017,South,Clothing,16-03-2025,70893.46,1227.6,3539,1395,0.22
S017,South,Home Goods,16-03-2025,42141.27,6200.55,4652,1654,0.25
S017,South,Pharmacy,16-03-2025,22427.4,1286.36,1370,1352,0.22
S018,West,Grocery,16-03-2025,32717.91,849.8,4249,1128,0.15
S018,West,Electronics,16-03-2025,26312.83,3396.62,4062,788,0.2
S018,West,Clothing,16-03-2025,17459.98,2277.12,4001,542,0.11
S018,West,Home Goods,16-03-2025,56009.28,4822.14,1965,697,0.27
S018,West,Pharmacy,16-03-2025,37860.99,1125.77,3069,1635,0.14
S019,North,Grocery,16-03-2025,16341.56,2135.49,1434,1136,0.25
S019,North,Electronics,16-03-2025,28888.19,3471.66,2317,1070,0.19
S019,North,Clothing,16-03-2025,13377.18,1606.32,1959,531,0.15
S019,North,Home Goods,16-03-2025,20705.91,1164.3,2901,1383,0.2
S019,North,Pharmacy,16-03-2025,23317.28,3098.78,2749,1127,0.27
S020,West,Grocery,16-03-2025,25521.75,1867.52,3105,1549,0.21
S020,West,Electronics,16-03-2025,45913.38,1064.33,4970,1567,0.21
S020,West,Clothing,16-03-2025,42357.81,1049.05,4507,1100,0.18
S020,West,Home Goods,16-03-2025,16071.52,1153.13,1778,1003,0.14
S020,West,Pharmacy,16-03-2025,16112.35,965.68,2320,663,0.16
S001,West,Grocery,23-03-2025,30302.69,3029.49,4982,737,0.21
S001,West,Electronics,23-03-2025,20267.06,2177.21,4339,885,0.16
S001,West,Clothing,23-03-2025,65716.65,8993.98,2649,539,0.2
S001,West,Home Goods,23-03-2025,48877.32,717.21,4591,1112,0.25
S001,West,Pharmacy,23-03-2025,63324.54,3409.56,4037,1465,0.29
S002,West,Grocery,23-03-2025,65696.81,1739,2930,1313,0.16
S002,West,Electronics,23-03-2025,74247.04,5787.58,2012,1169,0.23
S002,West,Clothing,23-03-2025,20787.07,2774.45,2758,746,0.13
S002,West,Home Goods,23-03-2025,54645.96,1258.18,3243,1429,0.14
S002,West,Pharmacy,23-03-2025,34636.76,5066.8,4547,764,0.26
S003,East,Grocery,23-03-2025,45151.59,4941.12,4448,1918,0.28
S003,East,Electronics,23-03-2025,52358.41,2825.71,4799,1749,0.26
S003,East,Clothing,23-03-2025,67188.42,5614.32,4348,655,0.27
S003,East,Home Goods,23-03-2025,16541.44,720.92,2715,1045,0.17
S003,East,Pharmacy,23-03-2025,39272.81,4509.92,4000,778,0.22
S004,North,Grocery,23-03-2025,32904.37,4205.27,2674,1361,0.3
S004,North,Electronics,23-03-2025,51219.24,1417.6,3319,1589,0.16
S004,North,Clothing,23-03-2025,10248.11,1080.5,3501,700,0.23
S004,North,Home Goods,23-03-2025,74463.27,1502.22,1639,690,0.17
S004,North,Pharmacy,23-03-2025,66315.12,2664.16,3190,1714,0.11
S005,North,Grocery,23-03-2025,59605.09,4003.25,4725,959,0.15
S005,North,Electronics,23-03-2025,62480.74,1141.72,4278,709,0.23
S005,North,Clothing,23-03-2025,66824.74,670.01,2466,1877,0.19
S005,North,Home Goods,23-03-2025,39923.29,5231.5,1839,1201,0.18
S005,North,Pharmacy,23-03-2025,73492.02,1874.11,1595,780,0.18
S006,East,Grocery,23-03-2025,11766.38,1709.35,1661,582,0.29
S006,East,Electronics,23-03-2025,63692.54,6872.69,3331,1479,0.3
S006,East,Clothing,23-03-2025,50387.39,4448.49,2659,1898,0.21
S006,East,Home Goods,23-03-2025,51280.79,3742.36,2143,1433,0.12
S006,East,Pharmacy,23-03-2025,14442.16,676.82,1264,819,0.21
S007,East,Grocery,23-03-2025,28448.85,3568.48,1820,1500,0.16
S007,East,Electronics,23-03-2025,58307.56,976.07,1067,1487,0.27
S007,East,Clothing,23-03-2025,53407.3,4969.6,2655,1650,0.23
S007,East,Home Goods,23-03-2025,44535.57,5671.22,3479,767,0.22
S007,East,Pharmacy,23-03-2025,74703.44,9696.32,2790,1160,0.11
S008,North,Grocery,23-03-2025,64039.28,6010.53,4060,1724,0.28
S008,North,Electronics,23-03-2025,53498.02,6746.11,1727,979,0.21
S008,North,Clothing,23-03-2025,43634.01,3065.72,3379,937,0.19
S008,North,Home Goods,23-03-2025,60302.18,5684.64,3073,1319,0.19
S008,North,Pharmacy,23-03-2025,49460.82,4866.11,2811,1004,0.24
S009,East,Grocery,23-03-2025,25433.18,2078.68,3587,1271,0.18
S009,East,Electronics,23-03-2025,41698.36,4224.52,1193,1685,0.19
S009,East,Clothing,23-03-2025,73949.62,3524.01,4333,713,0.15
S009,East,Home Goods,23-03-2025,33520.45,2552.55,1729,782,0.13
S009,East,Pharmacy,23-03-2025,27992.93,4087.38,3140,1252,0.22
S010,West,Grocery,23-03-2025,40533.34,2944.57,2875,1152,0.21
S010,West,Electronics,23-03-2025,65518.84,1109.21,2159,1054,0.27
S010,West,Clothing,23-03-2025,28519.02,2133.2,4828,1203,0.2
S010,West,Home Goods,23-03-2025,29076.77,4083.7,2800,1867,0.12
S010,West,Pharmacy,23-03-2025,50109.32,1299.7,3866,682,0.27
S011,South,Grocery,23-03-2025,42080.53,4558,4730,1406,0.13
S011,South,Electronics,23-03-2025,27857.55,1817.44,4691,518,0.18
S011,South,Clothing,23-03-2025,68994.72,7586.97,4339,944,0.16
S011,South,Home Goods,23-03-2025,63546.37,9132.15,4321,1976,0.1
S011,South,Pharmacy,23-03-2025,51366.09,881.39,4052,930,0.11
S012,West,Grocery,23-03-2025,49246.7,5226.19,2347,1489,0.26
S012,West,Electronics,23-03-2025,53073.19,1216.43,2774,911,0.21
S012,West,Clothing,23-03-2025,68520.88,4563.05,4826,1154,0.25
S012,West,Home Goods,23-03-2025,36823.9,3699.09,1201,949,0.28
S012,West,Pharmacy,23-03-2025,48915.01,3927.95,1562,1641,0.12
S013,North,Grocery,23-03-2025,20030.9,682.23,3501,1166,0.25
S013,North,Electronics,23-03-2025,44449.45,5603.41,4421,795,0.26
S013,North,Clothing,23-03-2025,55167.35,4664.34,3282,1834,0.22
S013,North,Home Goods,23-03-2025,12843.04,349.59,1048,1650,0.17
S013,North,Pharmacy,23-03-2025,57396.28,5815.44,2819,776,0.24
S014,East,Grocery,23-03-2025,37945.52,3954.5,1374,572,0.16
S014,East,Electronics,23-03-2025,61284.04,4443.02,2889,1974,0.19
S014,East,Clothing,23-03-2025,47652.31,5542.4,3070,859,0.28
S014,East,Home Goods,23-03-2025,10800.13,667.53,2141,1903,0.24
S014,East,Pharmacy,23-03-2025,34345.94,1145.8,3980,506,0.13
S015,South,Grocery,23-03-2025,67856.31,3964.36,4219,1725,0.23
S015,South,Electronics,23-03-2025,51398.65,2964.91,2502,1998,0.18
S015,South,Clothing,23-03-2025,30229.14,3167.92,3372,1915,0.17
S015,South,Home Goods,23-03-2025,24163.02,3583.98,1832,1554,0.24
S015,South,Pharmacy,23-03-2025,19135.94,1492.27,2399,1867,0.2
S016,North,Grocery,23-03-2025,72661.13,4634.98,2178,1953,0.11
S016,North,Electronics,23-03-2025,35219.14,1141.22,2841,761,0.25
S016,North,Clothing,23-03-2025,39804,2009.87,3532,621,0.12
S016,North,Home Goods,23-03-2025,72134.72,3892.05,4158,1145,0.22
S016,North,Pharmacy,23-03-2025,63735.98,9417.75,1076,558,0.29
S017,East,Grocery,23-03-2025,35316.32,2259.24,4055,1801,0.21
S017,East,Electronics,23-03-2025,20019.43,1752.09,3721,864,0.25
S017,East,Clothing,23-03-2025,64187.25,4599.77,2577,1877,0.15
S017,East,Home Goods,23-03-2025,22650.55,409.31,3989,882,0.15
S017,East,Pharmacy,23-03-2025,72817.13,6413.68,2522,1908,0.22
S018,South,Grocery,23-03-2025,19047.79,1374.61,2134,1365,0.2
S018,South,Electronics,23-03-2025,36115.62,5386.24,4835,603,0.17
S018,South,Clothing,23-03-2025,61513.89,4589.08,1998,1019,0.11
S018,South,Home Goods,23-03-2025,40910.49,3519.26,4730,563,0.22
S018,South,Pharmacy,23-03-2025,48942.84,2911.34,4630,1663,0.11
S019,South,Grocery,23-03-2025,58480.9,5082.29,4588,1476,0.24
S019,South,Electronics,23-03-2025,40340.84,598.04,2605,1382,0.19
S019,South,Clothing,23-03-2025,73764.18,5729.78,1863,1081,0.22
S019,South,Home Goods,23-03-2025,34396.44,1720.16,4488,1739,0.19
S019,South,Pharmacy,23-03-2025,49374.09,6844.38,3546,1988,0.27
S020,East,Grocery,23-03-2025,73748.06,4945.68,2970,1271,0.26
S020,East,Electronics,23-03-2025,40971.42,6123.47,2863,615,0.1
S020,East,Clothing,23-03-2025,51612.89,2672.56,1839,646,0.16
S020,East,Home Goods,23-03-2025,26643.09,381.28,1942,786,0.25
S020,East,Pharmacy,23-03-2025,59568.77,8345.35,2749,1182,0.27
S001,South,Grocery,30-03-2025,44269.7,4363.05,1276,1727,0.26
S001,South,Electronics,30-03-2025,28119.39,1110.68,1056,1826,0.3
S001,South,Clothing,30-03-2025,23042.32,3439.08,4559,1850,0.1
S001,South,Home Goods,30-03-2025,12870.53,744.55,2572,500,0.11
S001,South,Pharmacy,30-03-2025,10368.28,1463.93,3235,1651,0.26
S002,North,Grocery,30-03-2025,67487.58,7288.98,3750,1627,0.18
S002,North,Electronics,30-03-2025,57004.72,2807.3,4331,913,0.1
S002,North,Clothing,30-03-2025,29898.93,2597.57,1909,687,0.22
S002,North,Home Goods,30-03-2025,55354.16,600.73,3130,1646,0.27
S002,North,Pharmacy,30-03-2025,54313.66,1401.86,1161,1903,0.24
S003,East,Grocery,30-03-2025,13264.69,268.03,2036,683,0.16
S003,East,Electronics,30-03-2025,25104.98,1238.7,3951,1738,0.29
S003,East,Clothing,30-03-2025,36331.68,4972.19,3780,1754,0.2
S003,East,Home Goods,30-03-2025,24691.88,2460.96,1436,1280,0.22
S003,East,Pharmacy,30-03-2025,33257.92,3348.89,3773,530,0.28
S004,West,Grocery,30-03-2025,42700.46,3113.25,4081,1979,0.21
S004,West,Electronics,30-03-2025,51410.9,4302.01,4249,911,0.15
S004,West,Clothing,30-03-2025,29707.61,1503.08,2053,1202,0.12
S004,West,Home Goods,30-03-2025,69591.46,7717.12,2035,1813,0.13
S004,West,Pharmacy,30-03-2025,50921.25,896.54,2739,1964,0.1
S005,North,Grocery,30-03-2025,43223.39,715.75,4167,793,0.28
S005,North,Electronics,30-03-2025,47912.32,3611.42,3437,824,0.29
S005,North,Clothing,30-03-2025,15376.5,2157.7,1632,1076,0.13
S005,North,Home Goods,30-03-2025,46723.98,6135.64,2475,1111,0.28
S005,North,Pharmacy,30-03-2025,71293.95,4928.82,1197,1123,0.29
S006,North,Grocery,30-03-2025,53884.1,1414.09,1470,717,0.21
S006,North,Electronics,30-03-2025,70461.11,9032.75,3998,1405,0.13
S006,North,Clothing,30-03-2025,26525.04,3516.47,2124,1428,0.16
S006,North,Home Goods,30-03-2025,18424.04,1928.17,1792,1032,0.2
S006,North,Pharmacy,30-03-2025,51232.08,7680.98,1912,1624,0.2
S007,East,Grocery,30-03-2025,35032.81,4596.82,2378,1826,0.12
S007,East,Electronics,30-03-2025,51237.57,6041.39,1872,1391,0.27
S007,East,Clothing,30-03-2025,22091.5,1928.36,2123,530,0.24
S007,East,Home Goods,30-03-2025,34125.5,4496.61,4893,1451,0.23
S007,East,Pharmacy,30-03-2025,61755.64,7136.68,2772,661,0.18
S008,East,Grocery,30-03-2025,70502.47,1945.97,4074,1551,0.29
S008,East,Electronics,30-03-2025,13392.91,1413.05,1821,1961,0.22
S008,East,Clothing,30-03-2025,15547.19,249.08,2548,1836,0.26
S008,East,Home Goods,30-03-2025,60831,5239.54,4886,552,0.24
S008,East,Pharmacy,30-03-2025,25722.78,3538.16,4841,1367,0.29
S009,South,Grocery,30-03-2025,12042.42,1361.61,3661,516,0.28
S009,South,Electronics,30-03-2025,27333.89,3047.18,3456,1239,0.11
S009,South,Clothing,30-03-2025,35847.09,4184.19,1118,1679,0.15
S009,South,Home Goods,30-03-2025,24287.35,690.07,2995,674,0.26
S009,South,Pharmacy,30-03-2025,17813.47,840.47,2759,1164,0.25
S010,North,Grocery,30-03-2025,43667.43,2564.74,4709,511,0.1
S010,North,Electronics,30-03-2025,29487.03,2963.57,4718,1751,0.27
S010,North,Clothing,30-03-2025,11533.67,1566.25,1224,1482,0.26
S010,North,Home Goods,30-03-2025,39769.72,2613.7,1643,1115,0.11
S010,North,Pharmacy,30-03-2025,24835.3,1105.78,3459,1728,0.25
S011,South,Grocery,30-03-2025,40797.64,738.36,2625,1627,0.29
S011,South,Electronics,30-03-2025,61037.32,9081.49,1433,1854,0.29
S011,South,Clothing,30-03-2025,14914.33,912.69,2594,1613,0.14
S011,South,Home Goods,30-03-2025,19152.19,1860.4,2417,1006,0.22
S011,South,Pharmacy,30-03-2025,19552.58,2415.86,4431,1591,0.18
S012,North,Grocery,30-03-2025,53818.47,2496.46,2072,1063,0.17
S012,North,Electronics,30-03-2025,57123.78,4880.3,1158,988,0.24
S012,North,Clothing,30-03-2025,54856.28,7695.51,4667,860,0.19
S012,North,Home Goods,30-03-2025,18727.87,2698.89,2946,514,0.17
S012,North,Pharmacy,30-03-2025,71689.63,10375.17,4461,1817,0.29
S013,North,Grocery,30-03-2025,59455.53,5146.49,3349,1746,0.11
S013,North,Electronics,30-03-2025,20773.74,1503.52,4499,992,0.11
S013,North,Clothing,30-03-2025,64837.23,9554.87,3380,549,0.27
S013,North,Home Goods,30-03-2025,25728.51,3717.46,3319,1079,0.29
S013,North,Pharmacy,30-03-2025,74663.25,8186.17,4161,945,0.21
S014,West,Grocery,30-03-2025,26870.22,1912.61,4090,810,0.14
S014,West,Electronics,30-03-2025,10846.92,130.02,1619,1382,0.25
S014,West,Clothing,30-03-2025,33077.67,3564.57,2834,744,0.29
S014,West,Home Goods,30-03-2025,72858.42,4735.15,3409,507,0.25
S014,West,Pharmacy,30-03-2025,30150,1280.94,4498,1562,0.26
S015,North,Grocery,30-03-2025,72410.91,8464.91,3140,585,0.22
S015,North,Electronics,30-03-2025,64301.51,7704.54,4583,1679,0.15
S015,North,Clothing,30-03-2025,51233.64,2105.22,2787,1371,0.27
S015,North,Home Goods,30-03-2025,57375.99,1340.07,3660,1678,0.11
S015,North,Pharmacy,30-03-2025,41257.86,4238.86,1009,1239,0.16
S016,South,Grocery,30-03-2025,35859.38,4974.93,2522,628,0.11
S016,South,Electronics,30-03-2025,59465.52,3689.32,1979,903,0.25
S016,South,Clothing,30-03-2025,69697.72,9975.83,4674,1217,0.22
S016,South,Home Goods,30-03-2025,74508.75,4774.91,1692,1614,0.18
S016,South,Pharmacy,30-03-2025,65072.66,8870.26,1153,1927,0.12
S017,South,Grocery,30-03-2025,42887.26,1754.92,1104,1716,0.14
S017,South,Electronics,30-03-2025,66340.07,3286.95,3780,1208,0.24
S017,South,Clothing,30-03-2025,46616.1,3256.15,3635,781,0.27
S017,South,Home Goods,30-03-2025,19347.93,1358.5,3038,826,0.27
S017,South,Pharmacy,30-03-2025,36061.21,4213.22,3838,1373,0.28
S018,West,Grocery,30-03-2025,45392.87,1753.28,4975,1052,0.16
S018,West,Electronics,30-03-2025,48597.16,709.2,4565,974,0.11
S018,West,Clothing,30-03-2025,71150.99,5761.01,3754,1890,0.26
S018,West,Home Goods,30-03-2025,64328.69,3635,1993,1035,0.23
S018,West,Pharmacy,30-03-2025,19853.68,2633.07,3518,1704,0.16
S019,South,Grocery,30-03-2025,37639.83,574.38,1253,680,0.25
S019,South,Electronics,30-03-2025,10000.76,683.24,3613,1849,0.11
S019,South,Clothing,30-03-2025,73250.08,3051.42,2957,1608,0.16
S019,South,Home Goods,30-03-2025,24977.08,254.92,2838,1343,0.14
S019,South,Pharmacy,30-03-2025,53098.07,6046.04,2988,1866,0.22
S020,East,Grocery,30-03-2025,68242.65,8497.83,2135,1934,0.15
S020,East,Electronics,30-03-2025,18148.17,1037.62,4118,1003,0.25
S020,East,Clothing,30-03-2025,45260.62,1400.55,1271,1437,0.24
S020,East,Home Goods,30-03-2025,20875.88,2490.25,1520,1476,0.29
S020,East,Pharmacy,30-03-2025,12757.45,601.46,4907,935,0.23
S001,West,Grocery,06-04-2025,18446.19,1630.88,3800,1714,0.2
S001,West,Electronics,06-04-2025,34003.25,4781.18,2111,1717,0.24
S001,West,Clothing,06-04-2025,56431.23,4212.04,4072,1506,0.24
S001,West,Home Goods,06-04-2025,57383.77,7496.43,4664,1941,0.26
S001,West,Pharmacy,06-04-2025,22690.64,1323.95,1261,1863,0.3
S002,South,Grocery,06-04-2025,65674.92,7103.65,2099,674,0.19
S002,South,Electronics,06-04-2025,45705.14,2453.35,2497,1623,0.26
S002,South,Clothing,06-04-2025,57738.86,3684.3,1850,542,0.27
S002,South,Home Goods,06-04-2025,10742.17,1165.72,2293,1173,0.19
S002,South,Pharmacy,06-04-2025,25273.27,2746.75,4922,1401,0.21
S003,South,Grocery,06-04-2025,72857.29,1255.59,3240,1976,0.24
S003,South,Electronics,06-04-2025,66071.63,2318.84,2855,1158,0.18
S003,South,Clothing,06-04-2025,18561.48,2434.18,4731,1618,0.16
S003,South,Home Goods,06-04-2025,28852.96,3808.53,1882,812,0.26
S003,South,Pharmacy,06-04-2025,26280.41,2561.88,1450,1514,0.28
S004,East,Grocery,06-04-2025,10790.19,1126.09,4195,612,0.1
S004,East,Electronics,06-04-2025,35394.34,1302.51,1139,1924,0.29
S004,East,Clothing,06-04-2025,37985.11,5048.9,4140,617,0.15
S004,East,Home Goods,06-04-2025,33130.56,720.55,4560,518,0.24
S004,East,Pharmacy,06-04-2025,14687.22,569.22,4750,951,0.3
S005,West,Grocery,06-04-2025,61016.02,6875.78,1214,714,0.18
S005,West,Electronics,06-04-2025,58811.09,1422.77,4100,837,0.29
S005,West,Clothing,06-04-2025,69457.52,806.21,2597,701,0.14
S005,West,Home Goods,06-04-2025,73093.98,1890.39,2341,1180,0.25
S005,West,Pharmacy,06-04-2025,55796.04,3860.08,4802,1727,0.11
S006,East,Grocery,06-04-2025,49356.37,4064.53,2826,707,0.23
S006,East,Electronics,06-04-2025,45724.41,4872.81,1153,1962,0.12
S006,East,Clothing,06-04-2025,14912.93,2135.52,3600,1449,0.24
S006,East,Home Goods,06-04-2025,39771.44,910.5,4905,1937,0.23
S006,East,Pharmacy,06-04-2025,55746.5,3470.57,2306,572,0.24
S007,West,Grocery,06-04-2025,49650.48,2671.55,1099,1582,0.22
S007,West,Electronics,06-04-2025,66296.22,9450.04,2177,765,0.22
S007,West,Clothing,06-04-2025,23850.53,3374.09,3964,1390,0.25
S007,West,Home Goods,06-04-2025,50638.31,3154.65,3028,783,0.23
S007,West,Pharmacy,06-04-2025,35064.88,4946.86,4208,1687,0.29
S008,West,Grocery,06-04-2025,24331.44,2715.43,3093,1117,0.25
S008,West,Electronics,06-04-2025,23953.41,2469.58,1841,869,0.25
S008,West,Clothing,06-04-2025,31257.9,4207.56,2364,1650,0.26
S008,West,Home Goods,06-04-2025,65985.78,8209.64,3426,572,0.19
S008,West,Pharmacy,06-04-2025,74757.05,3146.08,1042,876,0.23
S009,North,Grocery,06-04-2025,55556.4,2142.45,3086,868,0.26
S009,North,Electronics,06-04-2025,13251.21,1823.54,2023,1236,0.14
S009,North,Clothing,06-04-2025,27602.41,1232.68,3343,702,0.19
S009,North,Home Goods,06-04-2025,57627.68,5471.31,1330,837,0.17
S009,North,Pharmacy,06-04-2025,31647.27,4237.41,3686,774,0.2
S010,South,Grocery,06-04-2025,28414.81,3413.97,3434,1369,0.25
S010,South,Electronics,06-04-2025,57964.63,4811.23,1690,993,0.17
S010,South,Clothing,06-04-2025,69849.83,6413.81,4928,794,0.15
S010,South,Home Goods,06-04-2025,33949.18,4594.97,1648,1067,0.26
S010,South,Pharmacy,06-04-2025,36737.07,4861.09,3170,1711,0.27
S011,South,Grocery,06-04-2025,42463.07,3605.27,2642,1858,0.11
S011,South,Electronics,06-04-2025,63608.31,3239.8,2162,1708,0.14
S011,South,Clothing,06-04-2025,48365.12,3243.78,1874,1321,0.11
S011,South,Home Goods,06-04-2025,23651.91,1167.11,4074,1473,0.1
S011,South,Pharmacy,06-04-2025,36570.52,5096.61,2364,1507,0.2
S012,North,Grocery,06-04-2025,61123.95,8676.81,1241,954,0.24
S012,North,Electronics,06-04-2025,63721.73,4617.8,1963,568,0.1
S012,North,Clothing,06-04-2025,70096.47,5051.36,1745,776,0.25
S012,North,Home Goods,06-04-2025,14981.33,1980.07,2772,1834,0.14
S012,North,Pharmacy,06-04-2025,62606.09,7518.37,1621,1700,0.2
S013,East,Grocery,06-04-2025,71172.85,9443.55,2236,1328,0.18
S013,East,Electronics,06-04-2025,45969.13,3697.69,1661,924,0.27
S013,East,Clothing,06-04-2025,54001.15,6874.73,3518,913,0.19
S013,East,Home Goods,06-04-2025,49685.54,1612.35,2700,1152,0.24
S013,East,Pharmacy,06-04-2025,35012.24,2748.91,2068,1924,0.25
S014,North,Grocery,06-04-2025,66093.21,5582.53,3667,1541,0.16
S014,North,Electronics,06-04-2025,45189.02,2635.97,1637,734,0.25
S014,North,Clothing,06-04-2025,67308.06,1817.95,3030,1519,0.22
S014,North,Home Goods,06-04-2025,17696.98,701.95,4082,705,0.13
S014,North,Pharmacy,06-04-2025,25842.42,1226.59,3165,1905,0.29
S015,South,Grocery,06-04-2025,50059.53,4403.39,4246,1812,0.19
S015,South,Electronics,06-04-2025,45158.83,4854.58,3222,1501,0.13
S015,South,Clothing,06-04-2025,42507.33,2876.65,3805,1429,0.1
S015,South,Home Goods,06-04-2025,71432.42,7680.97,1244,1331,0.29
S015,South,Pharmacy,06-04-2025,38541.21,5675.62,3064,570,0.12
S016,South,Grocery,06-04-2025,59712.06,6272.49,2337,1316,0.29
S016,South,Electronics,06-04-2025,60471.8,5780.33,3218,750,0.19
S016,South,Clothing,06-04-2025,46444.09,4550.58,3463,1293,0.15
S016,South,Home Goods,06-04-2025,10648.62,1185,3679,1616,0.26
S016,South,Pharmacy,06-04-2025,64816.2,5050.04,3994,1129,0.26
S017,North,Grocery,06-04-2025,39334.12,1403.52,1961,928,0.2
S017,North,Electronics,06-04-2025,10868.9,732.17,3104,1755,0.1
S017,North,Clothing,06-04-2025,28257.33,1105.25,4719,1033,0.2
S017,North,Home Goods,06-04-2025,21812.01,2487.25,4406,1231,0.21
S017,North,Pharmacy,06-04-2025,73810.98,5393.15,3380,1056,0.3
S018,North,Grocery,06-04-2025,25050.65,3556.1,2769,822,0.14
S018,North,Electronics,06-04-2025,32783.83,2037.67,3106,1450,0.17
S018,North,Clothing,06-04-2025,40175.5,4466.84,4193,1118,0.29
S018,North,Home Goods,06-04-2025,34649.72,4379.43,2279,1060,0.17
S018,North,Pharmacy,06-04-2025,51079.26,1192.8,4575,1218,0.11
S019,North,Grocery,06-04-2025,47765.98,3326.9,3361,1891,0.25
S019,North,Electronics,06-04-2025,62195.13,5132.41,4792,1878,0.23
S019,North,Clothing,06-04-2025,50330.8,5733.46,1582,1615,0.14
S019,North,Home Goods,06-04-2025,67876.62,7805.6,3448,1923,0.25
S019,North,Pharmacy,06-04-2025,48815.09,4958.57,1803,989,0.22
S020,South,Grocery,06-04-2025,51105.44,1630.61,2705,1968,0.24
S020,South,Electronics,06-04-2025,27611.28,1057.94,2082,1563,0.22
S020,South,Clothing,06-04-2025,65998.39,8686.02,1649,799,0.25
S020,South,Home Goods,06-04-2025,46265.28,4249.63,4249,895,0.19
S020,South,Pharmacy,06-04-2025,39300.46,5666.72,2392,883,0.21
S001,North,Grocery,13-04-2025,44661.34,4428.02,4293,560,0.16
S001,North,Electronics,13-04-2025,27518.27,1010.74,4449,1422,0.22
S001,North,Clothing,13-04-2025,27201.28,2792.91,1974,1730,0.26
S001,North,Home Goods,13-04-2025,59455.34,2157.11,2363,839,0.17
S001,North,Pharmacy,13-04-2025,38102.5,547.19,3622,1033,0.11
S002,North,Grocery,13-04-2025,67147.08,2959.54,2540,1327,0.11
S002,North,Electronics,13-04-2025,53345.08,2945.92,3103,865,0.28
S002,North,Clothing,13-04-2025,31143.89,4239.76,1103,576,0.27
S002,North,Home Goods,13-04-2025,64916.64,2912.24,2205,1392,0.11
S002,North,Pharmacy,13-04-2025,16169.67,2422.94,1298,1456,0.25
S003,East,Grocery,13-04-2025,62433.23,8124.02,1364,1358,0.15
S003,East,Electronics,13-04-2025,12622.8,852.88,2904,1302,0.1
S003,East,Clothing,13-04-2025,33427.74,4002.08,2994,1007,0.23
S003,East,Home Goods,13-04-2025,25081.18,301.31,3509,1419,0.22
S003,East,Pharmacy,13-04-2025,59549.67,920.12,3254,1758,0.1
S004,North,Grocery,13-04-2025,70996.89,4833.05,4196,637,0.18
S004,North,Electronics,13-04-2025,14506.34,1441.42,1018,1182,0.24
S004,North,Clothing,13-04-2025,18998.31,1729.56,4119,710,0.27
S004,North,Home Goods,13-04-2025,34643.3,2148.16,3587,1714,0.14
S004,North,Pharmacy,13-04-2025,74716.02,11009.89,2923,1636,0.19
S005,South,Grocery,13-04-2025,71095.57,5727.5,1287,688,0.23
S005,South,Electronics,13-04-2025,54039.55,3363.27,3518,1598,0.13
S005,South,Clothing,13-04-2025,42523.36,4538.25,4582,1356,0.23
S005,South,Home Goods,13-04-2025,27893.73,888.94,4135,1338,0.22
S005,South,Pharmacy,13-04-2025,21658.14,2354.66,2749,1442,0.19
S006,East,Grocery,13-04-2025,71668.39,1324.77,1433,1635,0.1
S006,East,Electronics,13-04-2025,21143.22,1554.05,2319,1641,0.24
S006,East,Clothing,13-04-2025,69163.85,6879.35,1089,1617,0.28
S006,East,Home Goods,13-04-2025,47992.49,6082.13,2857,1961,0.22
S006,East,Pharmacy,13-04-2025,48534.61,2897,4221,1159,0.11
S007,West,Grocery,13-04-2025,37516.78,819.33,1639,839,0.28
S007,West,Electronics,13-04-2025,67389.46,6891.67,3566,1475,0.27
S007,West,Clothing,13-04-2025,67596.07,2536.98,2204,1738,0.16
S007,West,Home Goods,13-04-2025,62171.62,9301.7,3259,1757,0.24
S007,West,Pharmacy,13-04-2025,49197.57,4755.38,2230,1106,0.26
S008,South,Grocery,13-04-2025,18315.9,1074.25,2332,1791,0.26
S008,South,Electronics,13-04-2025,65415.58,9244.21,2938,993,0.18
S008,South,Clothing,13-04-2025,14617.27,577.54,2825,1262,0.19
S008,South,Home Goods,13-04-2025,27456.54,662.72,1563,1282,0.13
S008,South,Pharmacy,13-04-2025,73249.99,8519.04,2831,1083,0.19
S009,South,Grocery,13-04-2025,28093.95,3420.75,1109,691,0.16
S009,South,Electronics,13-04-2025,25112.89,707.05,1038,1572,0.17
S009,South,Clothing,13-04-2025,29661.14,4346.91,4865,1609,0.28
S009,South,Home Goods,13-04-2025,60492.22,1252.62,2879,1899,0.12
S009,South,Pharmacy,13-04-2025,41494.97,2171.79,3011,1825,0.26
S010,West,Grocery,13-04-2025,18914.65,1726.87,2447,1651,0.13
S010,West,Electronics,13-04-2025,50559.9,2442.53,2469,1866,0.12
S010,West,Clothing,13-04-2025,39872.96,2109.47,1824,1962,0.11
S010,West,Home Goods,13-04-2025,37209.47,2760.21,4980,1612,0.21
S010,West,Pharmacy,13-04-2025,53368.8,6339.51,2422,605,0.16
S011,South,Grocery,13-04-2025,44971.48,5739.04,3896,1555,0.28
S011,South,Electronics,13-04-2025,34145.37,1274.42,2105,1344,0.25
S011,South,Clothing,13-04-2025,42016.99,3262.42,2234,943,0.17
S011,South,Home Goods,13-04-2025,65886.65,4411.29,2462,686,0.25
S011,South,Pharmacy,13-04-2025,18190.13,682.11,1848,1752,0.2
S012,West,Grocery,13-04-2025,57855.59,4732.91,1269,809,0.15
S012,West,Electronics,13-04-2025,45923.05,2852.02,2695,1710,0.13
S012,West,Clothing,13-04-2025,47107.03,1692.93,2757,1974,0.14
S012,West,Home Goods,13-04-2025,21884.46,2748.68,1405,1107,0.29
S012,West,Pharmacy,13-04-2025,73045.22,6572.35,3232,505,0.17
S013,West,Grocery,13-04-2025,61852.6,3799.9,1698,1599,0.21
S013,West,Electronics,13-04-2025,64932.86,7884.78,4773,807,0.23
S013,West,Clothing,13-04-2025,24332.78,986.67,3809,882,0.15
S013,West,Home Goods,13-04-2025,10042.47,1324.54,4697,775,0.18
S013,West,Pharmacy,13-04-2025,25083.62,1182.74,4968,1410,0.14
S014,South,Grocery,13-04-2025,29106.69,1257.17,2754,608,0.29
S014,South,Electronics,13-04-2025,49646.2,6922.33,2134,1198,0.22
S014,South,Clothing,13-04-2025,10418.29,1230.94,2724,1795,0.22
S014,South,Home Goods,13-04-2025,59427.58,4861.72,4357,1370,0.29
S014,South,Pharmacy,13-04-2025,34427.33,3757.3,4409,1280,0.23
S015,North,Grocery,13-04-2025,59588.07,975.06,3896,1435,0.15
S015,North,Electronics,13-04-2025,53552.11,4046.73,4435,978,0.12
S015,North,Clothing,13-04-2025,50710.95,2484.12,2848,807,0.29
S015,North,Home Goods,13-04-2025,74765.89,9079.65,2866,1621,0.14
S015,North,Pharmacy,13-04-2025,31840.46,2394.26,4308,1473,0.28
S016,North,Grocery,13-04-2025,22294.04,3101.8,2291,1844,0.22
S016,North,Electronics,13-04-2025,22989.68,408.61,3662,1362,0.25
S016,North,Clothing,13-04-2025,25400.67,2662.88,4924,923,0.29
S016,North,Home Goods,13-04-2025,35175.96,677.6,1492,691,0.19
S016,North,Pharmacy,13-04-2025,15690.66,778.13,2394,638,0.16
S017,West,Grocery,13-04-2025,31593.36,1615.33,1103,1370,0.15
S017,West,Electronics,13-04-2025,49745.13,5222.74,2051,1642,0.22
S017,West,Clothing,13-04-2025,42911.47,2534.26,3224,1822,0.17
S017,West,Home Goods,13-04-2025,39615.25,4157.06,1976,1628,0.17
S017,West,Pharmacy,13-04-2025,38316.91,4645.06,3299,1878,0.13
S018,East,Grocery,13-04-2025,30355.61,3913.89,2961,709,0.3
S018,East,Electronics,13-04-2025,45165.19,6678.96,1471,869,0.29
S018,East,Clothing,13-04-2025,14017.55,321.43,3959,683,0.22
S018,East,Home Goods,13-04-2025,19780.7,2878.7,1536,1301,0.14
S018,East,Pharmacy,13-04-2025,10326.73,190.15,2096,1805,0.23
S019,West,Grocery,13-04-2025,27747.64,965.81,1151,1528,0.12
S019,West,Electronics,13-04-2025,71199.64,8528.92,2186,959,0.27
S019,West,Clothing,13-04-2025,26214.78,2894.03,3398,933,0.28
S019,West,Home Goods,13-04-2025,69096.39,3727.26,3230,867,0.15
S019,West,Pharmacy,13-04-2025,22389.64,802.64,4449,648,0.19
S020,West,Grocery,13-04-2025,64011.7,1714.54,3493,1383,0.16
S020,West,Electronics,13-04-2025,42033.27,2185.39,1947,1474,0.19
S020,West,Clothing,13-04-2025,20686.36,544.5,4972,569,0.28
S020,West,Home Goods,13-04-2025,32357.25,3644.07,2987,590,0.29
S020,West,Pharmacy,13-04-2025,63363.77,5659.95,2686,691,0.28
S001,West,Grocery,20-04-2025,35968.72,2005.3,2008,1002,0.15
S001,West,Electronics,20-04-2025,60699.24,1446.05,2716,810,0.17
S001,West,Clothing,20-04-2025,15990.92,1469.74,4268,1084,0.28
S001,West,Home Goods,20-04-2025,60927.51,6577.66,3866,529,0.27
S001,West,Pharmacy,20-04-2025,24499.03,3239.64,3764,1390,0.25
S002,North,Grocery,20-04-2025,46481.62,2067.23,1731,1105,0.15
S002,North,Electronics,20-04-2025,73032.04,5139.46,4566,1173,0.11
S002,North,Clothing,20-04-2025,13429.74,1435.39,2462,777,0.15
S002,North,Home Goods,20-04-2025,49908.07,2265.83,4262,1193,0.28
S002,North,Pharmacy,20-04-2025,58436.67,1209.73,3658,1731,0.17
S003,North,Grocery,20-04-2025,62371.44,3489.38,3649,1156,0.27
S003,North,Electronics,20-04-2025,33291.75,4587.77,1162,865,0.14
S003,North,Clothing,20-04-2025,19073.93,1730.12,4580,768,0.19
S003,North,Home Goods,20-04-2025,29713.58,4176.47,1005,1481,0.12
S003,North,Pharmacy,20-04-2025,37349.48,3519.65,4886,1528,0.16
S004,North,Grocery,20-04-2025,26235.19,2665.03,1753,645,0.17
S004,North,Electronics,20-04-2025,70326.62,9021.55,3950,883,0.15
S004,North,Clothing,20-04-2025,43299.52,5122.34,3798,1503,0.24
S004,North,Home Goods,20-04-2025,52135.33,2210.91,2698,621,0.27
S004,North,Pharmacy,20-04-2025,62953.62,6021.91,1144,1850,0.15
S005,West,Grocery,20-04-2025,16881.83,1007.6,4212,1325,0.21
S005,West,Electronics,20-04-2025,28076.47,1133.56,3045,1307,0.13
S005,West,Clothing,20-04-2025,63774.64,1011.98,1428,1357,0.13
S005,West,Home Goods,20-04-2025,67156.46,5908.81,1757,635,0.2
S005,West,Pharmacy,20-04-2025,57546.61,8294.57,2580,1461,0.28
S006,East,Grocery,20-04-2025,70729.77,9781.85,2001,1648,0.23
S006,East,Electronics,20-04-2025,36208.69,4176.15,1657,1381,0.24
S006,East,Clothing,20-04-2025,37849.76,4254.67,1170,1905,0.13
S006,East,Home Goods,20-04-2025,64140.43,5493.08,2657,993,0.12
S006,East,Pharmacy,20-04-2025,59928.33,4798.27,2641,1669,0.15
S007,North,Grocery,20-04-2025,45585.65,2206.98,2225,1735,0.14
S007,North,Electronics,20-04-2025,67483.08,5959.89,4177,1310,0.3
S007,North,Clothing,20-04-2025,72773.57,4753.7,1808,1478,0.17
S007,North,Home Goods,20-04-2025,53621.06,6582.53,4605,1716,0.18
S007,North,Pharmacy,20-04-2025,60914.37,2876.98,3810,1501,0.11
S008,South,Grocery,20-04-2025,49229.37,5037.68,1224,612,0.16
S008,South,Electronics,20-04-2025,22876.21,439.15,1124,1698,0.18
S008,South,Clothing,20-04-2025,42298.21,5852.88,3328,1423,0.13
S008,South,Home Goods,20-04-2025,46752.3,3362.21,2609,1217,0.24
S008,South,Pharmacy,20-04-2025,54876.37,3165.06,3686,1548,0.23
S009,South,Grocery,20-04-2025,49159.21,1613.54,3146,1982,0.1
S009,South,Electronics,20-04-2025,64271.57,9413,3550,1971,0.16
S009,South,Clothing,20-04-2025,28051.74,421.62,1977,553,0.14
S009,South,Home Goods,20-04-2025,37300.26,423.59,1482,1512,0.25
S009,South,Pharmacy,20-04-2025,71539.14,8543.65,1490,930,0.15
S010,South,Grocery,20-04-2025,55351.56,3375.11,2923,1498,0.1
S010,South,Electronics,20-04-2025,14022.57,1191.24,1590,571,0.28
S010,South,Clothing,20-04-2025,34356.93,2988.42,4047,1391,0.19
S010,South,Home Goods,20-04-2025,64103.63,7871.34,1252,964,0.15
S010,South,Pharmacy,20-04-2025,63124.85,8853.62,1719,1303,0.19
S011,West,Grocery,20-04-2025,31934.53,4212.05,1925,899,0.17
S011,West,Electronics,20-04-2025,53081.76,7000.89,2404,1816,0.25
S011,West,Clothing,20-04-2025,41485.43,4444.45,2459,960,0.21
S011,West,Home Goods,20-04-2025,62353.1,7259.31,4059,784,0.13
S011,West,Pharmacy,20-04-2025,27431.33,1660.98,3965,723,0.24
S012,South,Grocery,20-04-2025,13684.23,203.27,1044,970,0.26
S012,South,Electronics,20-04-2025,26023.79,3816.25,2891,1033,0.17
S012,South,Clothing,20-04-2025,30274.27,820.3,4058,1081,0.28
S012,South,Home Goods,20-04-2025,61383.83,1826.48,2311,887,0.12
S012,South,Pharmacy,20-04-2025,12944.15,1318.93,4658,777,0.23
S013,West,Grocery,20-04-2025,27591.86,589.7,2833,1148,0.13
S013,West,Electronics,20-04-2025,74247.36,10900.94,3525,1682,0.23
S013,West,Clothing,20-04-2025,47557.46,6242.12,2362,1704,0.25
S013,West,Home Goods,20-04-2025,38233.5,2772,3241,815,0.23
S013,West,Pharmacy,20-04-2025,42546.21,4266.56,3470,744,0.19
S014,South,Grocery,20-04-2025,28130.97,790.04,1340,503,0.22
S014,South,Electronics,20-04-2025,44034.04,2003.63,4792,1748,0.2
S014,South,Clothing,20-04-2025,22675.58,2296.88,2204,1117,0.26
S014,South,Home Goods,20-04-2025,49160.54,4012.95,3578,909,0.16
S014,South,Pharmacy,20-04-2025,16062.64,2328.04,4266,511,0.13
S015,East,Grocery,20-04-2025,67822.48,9640.96,4888,1155,0.1
S015,East,Electronics,20-04-2025,10087.51,634.85,4867,1619,0.15
S015,East,Clothing,20-04-2025,55003.03,2346.79,1844,1515,0.25
S015,East,Home Goods,20-04-2025,24216.4,445.39,4791,1760,0.22
S015,East,Pharmacy,20-04-2025,65214.02,1062.96,2576,835,0.17
S016,West,Grocery,20-04-2025,41104.34,5756.27,2447,1596,0.19
S016,West,Electronics,20-04-2025,10889.36,233.29,4809,1287,0.2
S016,West,Clothing,20-04-2025,60534.61,6307.62,4747,1931,0.2
S016,West,Home Goods,20-04-2025,51171.76,6282.54,4265,1808,0.26
S016,West,Pharmacy,20-04-2025,48481.09,1610.84,1870,779,0.17
S017,South,Grocery,20-04-2025,45535.26,5809.15,2751,1173,0.28
S017,South,Electronics,20-04-2025,36428.38,1095.02,1035,1943,0.25
S017,South,Clothing,20-04-2025,61010.03,9103.8,1439,1228,0.16
S017,South,Home Goods,20-04-2025,64439.5,6188,3341,694,0.15
S017,South,Pharmacy,20-04-2025,59161.73,1268.04,1964,1975,0.17
S018,North,Grocery,20-04-2025,18305.35,1316.73,4789,1209,0.24
S018,North,Electronics,20-04-2025,68675.86,8736.72,3364,1924,0.27
S018,North,Clothing,20-04-2025,69695.84,7037.21,3156,871,0.23
S018,North,Home Goods,20-04-2025,28736.35,1489.39,1042,1364,0.1
S018,North,Pharmacy,20-04-2025,30977.23,2713.91,2133,689,0.21
S019,West,Grocery,20-04-2025,65324.8,9411.24,3338,1724,0.21
S019,West,Electronics,20-04-2025,62796.78,4004.3,2985,1336,0.18
S019,West,Clothing,20-04-2025,25619.44,596.81,4795,1439,0.12
S019,West,Home Goods,20-04-2025,21498.3,3186.63,2367,553,0.27
S019,West,Pharmacy,20-04-2025,74711.98,6842.12,3240,557,0.2
S020,North,Grocery,20-04-2025,30689.77,2408.07,1851,1849,0.22
S020,North,Electronics,20-04-2025,55152.5,3367.27,3235,1208,0.22
S020,North,Clothing,20-04-2025,55072.44,5952.54,4144,742,0.2
S020,North,Home Goods,20-04-2025,57466.2,5556.07,1652,687,0.25
S020,North,Pharmacy,20-04-2025,29989.44,2365.8,3924,1566,0.14
S001,North,Grocery,27-04-2025,18160.74,2631.26,4823,1126,0.2
S001,North,Electronics,27-04-2025,48061.64,4123.32,2043,939,0.11
S001,North,Clothing,27-04-2025,16856.42,1550.49,3486,1165,0.16
S001,North,Home Goods,27-04-2025,70615.4,5878.72,4346,1971,0.18
S001,North,Pharmacy,27-04-2025,48908.68,4959.97,2243,1755,0.21
S002,North,Grocery,27-04-2025,18819.74,2542.72,1262,766,0.28
S002,North,Electronics,27-04-2025,74776.77,8080.41,2893,1151,0.17
S002,North,Clothing,27-04-2025,69237.05,895.29,1599,1219,0.11
S002,North,Home Goods,27-04-2025,59824.28,6478.67,3163,759,0.18
S002,North,Pharmacy,27-04-2025,59156.5,4353.07,3570,1871,0.29
S003,North,Grocery,27-04-2025,26307.14,706.68,4611,1246,0.29
S003,North,Electronics,27-04-2025,34559.55,645.75,2490,1364,0.2
S003,North,Clothing,27-04-2025,20525,2096.31,1272,1462,0.19
S003,North,Home Goods,27-04-2025,33057.36,2185.04,3126,1121,0.28
S003,North,Pharmacy,27-04-2025,36963.67,2373.75,2582,1704,0.19
S004,South,Grocery,27-04-2025,52135.18,969.84,4158,716,0.29
S004,South,Electronics,27-04-2025,52169.75,7493.62,2192,829,0.2
S004,South,Clothing,27-04-2025,49117.44,4491.45,1741,1319,0.16
S004,South,Home Goods,27-04-2025,20564.97,2150.83,2539,1412,0.22
S004,South,Pharmacy,27-04-2025,55382.9,2220.21,3118,977,0.17
S005,South,Grocery,27-04-2025,16408.62,431.66,1919,791,0.21
S005,South,Electronics,27-04-2025,15153.22,1351.96,2869,876,0.18
S005,South,Clothing,27-04-2025,29261.18,880.34,1558,1710,0.17
S005,South,Home Goods,27-04-2025,49936,4160.31,1941,1562,0.2
S005,South,Pharmacy,27-04-2025,23050.11,1247.04,2089,607,0.28
S006,West,Grocery,27-04-2025,33386.62,1768.69,1254,1978,0.24
S006,West,Electronics,27-04-2025,31001.48,4597.05,2113,889,0.24
S006,West,Clothing,27-04-2025,12618.56,842.4,2124,1106,0.3
S006,West,Home Goods,27-04-2025,10682.09,1445.38,2993,1752,0.26
S006,West,Pharmacy,27-04-2025,50165.55,2902.51,2269,904,0.1
S007,West,Grocery,27-04-2025,24734.89,2210.43,4188,770,0.22
S007,West,Electronics,27-04-2025,11567.16,304.27,1273,758,0.14
S007,West,Clothing,27-04-2025,39856.54,4595.38,2209,863,0.11
S007,West,Home Goods,27-04-2025,63331.69,7960.02,1721,1719,0.17
S007,West,Pharmacy,27-04-2025,61985.92,5433.45,4243,882,0.23
S008,West,Grocery,27-04-2025,60986.36,5720.45,2590,643,0.27
S008,West,Electronics,27-04-2025,20700.85,1410.09,1178,932,0.21
S008,West,Clothing,27-04-2025,22014.5,403.79,3774,696,0.25
S008,West,Home Goods,27-04-2025,44021.09,1837.8,4878,1389,0.12
S008,West,Pharmacy,27-04-2025,38719.19,1272.75,2362,1277,0.14
S009,South,Grocery,27-04-2025,35135.96,602.97,3670,1817,0.2
S009,South,Electronics,27-04-2025,41414.13,2633.52,3169,839,0.19
S009,South,Clothing,27-04-2025,10476.72,142.62,2159,1539,0.21
S009,South,Home Goods,27-04-2025,67072.18,5909.21,4404,1516,0.28
S009,South,Pharmacy,27-04-2025,60557.73,7577.44,2813,1931,0.2
S010,West,Grocery,27-04-2025,39327.56,2212.36,2231,1451,0.19
S010,West,Electronics,27-04-2025,70900.31,10476.54,2723,1891,0.24
S010,West,Clothing,27-04-2025,20794.87,380.02,1133,1464,0.29
S010,West,Home Goods,27-04-2025,19266.18,1223.39,2869,1157,0.23
S010,West,Pharmacy,27-04-2025,21041.72,373.66,2079,1678,0.25
S011,North,Grocery,27-04-2025,36889.11,3741.15,3779,980,0.1
S011,North,Electronics,27-04-2025,74255.1,1173.23,3969,1403,0.21
S011,North,Clothing,27-04-2025,72605.34,1892.49,3476,1792,0.13
S011,North,Home Goods,27-04-2025,13313.37,1284.13,3897,1589,0.22
S011,North,Pharmacy,27-04-2025,17303.69,977.28,1587,994,0.19
S012,South,Grocery,27-04-2025,50803.45,5113.07,2170,534,0.16
S012,South,Electronics,27-04-2025,54674.21,7907.32,3604,1951,0.2
S012,South,Clothing,27-04-2025,50996.63,5790.95,3773,1963,0.26
S012,South,Home Goods,27-04-2025,31722.53,3563.13,2883,1198,0.17
S012,South,Pharmacy,27-04-2025,43922.48,857.2,4197,1700,0.29
S013,West,Grocery,27-04-2025,67858.97,6875.37,2191,1091,0.24
S013,West,Electronics,27-04-2025,50209.67,4498.65,3709,1027,0.23
S013,West,Clothing,27-04-2025,59979.8,8947.27,3887,735,0.25
S013,West,Home Goods,27-04-2025,47166.31,3337.83,1084,564,0.17
S013,West,Pharmacy,27-04-2025,29683.94,3334.19,4946,1418,0.22
S014,North,Grocery,27-04-2025,71013.21,4188.33,4534,1748,0.23
S014,North,Electronics,27-04-2025,22922.91,1240.16,3987,1989,0.11
S014,North,Clothing,27-04-2025,63787.42,2910.98,2158,1573,0.11
S014,North,Home Goods,27-04-2025,55457.07,3121.04,1244,608,0.18
S014,North,Pharmacy,27-04-2025,22724.11,1859.84,4884,1700,0.13
S015,West,Grocery,27-04-2025,26986.65,1853.28,4472,527,0.2
S015,West,Electronics,27-04-2025,28731.99,313.32,3181,1854,0.16
S015,West,Clothing,27-04-2025,57749.54,771.1,2677,1333,0.29
S015,West,Home Goods,27-04-2025,21336.6,1622.24,4735,645,0.24
S015,West,Pharmacy,27-04-2025,33507.06,923.2,2058,1201,0.23
S016,East,Grocery,27-04-2025,27909.88,2211.38,4197,990,0.22
S016,East,Electronics,27-04-2025,30545.05,2986.56,2942,1222,0.22
S016,East,Clothing,27-04-2025,29223.59,1338.56,4113,980,0.15
S016,East,Home Goods,27-04-2025,22911.9,1020.95,4617,844,0.21
S016,East,Pharmacy,27-04-2025,48219.46,3361.38,2887,1372,0.12
S017,West,Grocery,27-04-2025,15706.24,534.89,3589,1255,0.22
S017,West,Electronics,27-04-2025,10949.58,661.93,1478,514,0.18
S017,West,Clothing,27-04-2025,66126.19,3520.05,3201,1911,0.15
S017,West,Home Goods,27-04-2025,31630.76,2784.67,2092,746,0.23
S017,West,Pharmacy,27-04-2025,62501.66,8376.97,4676,1024,0.1
S018,East,Grocery,27-04-2025,57834.67,2265.73,1616,1531,0.23
S018,East,Electronics,27-04-2025,30783.31,553.99,1989,1640,0.1
S018,East,Clothing,27-04-2025,68709.54,923.9,2187,875,0.18
S018,East,Home Goods,27-04-2025,33177.14,4566.56,1072,807,0.2
S018,East,Pharmacy,27-04-2025,54231.17,7616.1,2638,1674,0.18
S019,West,Grocery,27-04-2025,34306.56,4599.84,1734,588,0.13
S019,West,Electronics,27-04-2025,31356.28,552.66,1492,1653,0.29
S019,West,Clothing,27-04-2025,37831.96,3725.79,4446,1197,0.13
S019,West,Home Goods,27-04-2025,23427.77,1261.76,1324,1478,0.18
S019,West,Pharmacy,27-04-2025,10442.96,869.66,4389,643,0.26
S020,West,Grocery,27-04-2025,63638.74,7719.9,2515,1450,0.25
S020,West,Electronics,27-04-2025,19305.49,1970.71,2635,966,0.26
S020,West,Clothing,27-04-2025,68711.13,3259.53,2714,1094,0.28
S020,West,Home Goods,27-04-2025,29660.31,3862.3,4226,1045,0.15
S020,West,Pharmacy,27-04-2025,69268.21,1638.27,3181,784,0.17
S001,South,Grocery,04-05-2025,13495.2,1399.59,3378,1906,0.12
S001,South,Electronics,04-05-2025,30284.16,3704.83,2189,1712,0.13
S001,South,Clothing,04-05-2025,71905.14,4029.22,2207,1745,0.29
S001,South,Home Goods,04-05-2025,66631.36,3366.33,4797,1582,0.26
S001,South,Pharmacy,04-05-2025,74126.6,6945.48,2223,1835,0.23
S002,South,Grocery,04-05-2025,50623.68,5030.43,3284,1115,0.27
S002,South,Electronics,04-05-2025,72365.69,2929.35,1966,671,0.14
S002,South,Clothing,04-05-2025,63335.89,6633.18,1689,1074,0.24
S002,South,Home Goods,04-05-2025,43222.39,4089,4810,1955,0.27
S002,South,Pharmacy,04-05-2025,63921.58,6987.55,2469,1110,0.27
S003,East,Grocery,04-05-2025,53615.84,5768.17,1414,1618,0.28
S003,East,Electronics,04-05-2025,57149.15,1472.31,2073,1217,0.17
S003,East,Clothing,04-05-2025,14609.54,861.55,1561,1303,0.15
S003,East,Home Goods,04-05-2025,55187.19,5416.51,1972,1884,0.13
S003,East,Pharmacy,04-05-2025,73543.35,6734.22,2279,1745,0.28
S004,South,Grocery,04-05-2025,24398.62,435.82,1078,1759,0.21
S004,South,Electronics,04-05-2025,21153.76,707.47,2990,1264,0.18
S004,South,Clothing,04-05-2025,14103.44,924.42,3433,1732,0.19
S004,South,Home Goods,04-05-2025,66496.37,5599.58,1339,1096,0.18
S004,South,Pharmacy,04-05-2025,63145.52,8544.09,3353,1133,0.23
S005,North,Grocery,04-05-2025,18928.51,922.99,3550,629,0.29
S005,North,Electronics,04-05-2025,52951.9,6062.51,3640,1498,0.27
S005,North,Clothing,04-05-2025,26874.21,274.93,3866,1688,0.14
S005,North,Home Goods,04-05-2025,37215.18,1516.48,1264,1111,0.2
S005,North,Pharmacy,04-05-2025,28290.54,3539.48,1156,1945,0.25
S006,North,Grocery,04-05-2025,66952.51,7444.44,1894,596,0.24
S006,North,Electronics,04-05-2025,30000.68,1317.16,4354,558,0.22
S006,North,Clothing,04-05-2025,56716.68,1445.4,1227,817,0.15
S006,North,Home Goods,04-05-2025,13498.98,493.83,2079,1124,0.18
S006,North,Pharmacy,04-05-2025,62156.12,3591.02,1228,670,0.24
S007,East,Grocery,04-05-2025,43078.11,5626.1,1918,1705,0.1
S007,East,Electronics,04-05-2025,60573.01,4512.85,2858,570,0.2
S007,East,Clothing,04-05-2025,74148.24,8574.48,1469,692,0.28
S007,East,Home Goods,04-05-2025,35911.76,4697.59,2820,1416,0.21
S007,East,Pharmacy,04-05-2025,65819.49,3661.1,4369,1958,0.12
S008,North,Grocery,04-05-2025,11187.88,1528.03,2434,1339,0.16
S008,North,Electronics,04-05-2025,25675.74,1096.34,4502,582,0.19
S008,North,Clothing,04-05-2025,13992.63,578.59,1573,785,0.19
S008,North,Home Goods,04-05-2025,73537.26,9052.52,2522,924,0.21
S008,North,Pharmacy,04-05-2025,64599.85,3714.83,3449,621,0.16
S009,North,Grocery,04-05-2025,30826.08,1017.27,2133,1963,0.12
S009,North,Electronics,04-05-2025,51268.93,1401.61,2505,1637,0.14
S009,North,Clothing,04-05-2025,63381.26,5466.53,2956,820,0.29
S009,North,Home Goods,04-05-2025,26052.48,3395.95,1491,560,0.2
S009,North,Pharmacy,04-05-2025,23798.57,623,4683,1085,0.2
S010,West,Grocery,04-05-2025,10934.78,1338.61,4462,1192,0.16
S010,West,Electronics,04-05-2025,28782.95,1807.21,3499,1729,0.21
S010,West,Clothing,04-05-2025,20392.18,2177.37,2033,933,0.16
S010,West,Home Goods,04-05-2025,42717.43,5190.24,3847,1372,0.23
S010,West,Pharmacy,04-05-2025,20125.26,1742.57,2221,710,0.18
S011,South,Grocery,04-05-2025,36878.57,574.33,2433,960,0.29
S011,South,Electronics,04-05-2025,71986.12,4270.63,4022,1047,0.14
S011,South,Clothing,04-05-2025,35494.16,5064.63,4900,1653,0.25
S011,South,Home Goods,04-05-2025,17064.37,2514.88,4702,1857,0.2
S011,South,Pharmacy,04-05-2025,59918.05,5871.93,3460,1045,0.19
S012,North,Grocery,04-05-2025,44522.12,5093.35,4385,531,0.24
S012,North,Electronics,04-05-2025,70064.74,8747.26,4644,769,0.23
S012,North,Clothing,04-05-2025,70210.04,6788.15,4161,725,0.24
S012,North,Home Goods,04-05-2025,45875.86,2011.99,4168,573,0.29
S012,North,Pharmacy,04-05-2025,52754.75,4695.98,4787,555,0.22
S013,North,Grocery,04-05-2025,44195.36,5140.08,1283,686,0.26
S013,North,Electronics,04-05-2025,21710.31,551.03,4270,512,0.17
S013,North,Clothing,04-05-2025,54451.56,737.75,3494,1485,0.16
S013,North,Home Goods,04-05-2025,13623.16,1299.29,1426,1640,0.18
S013,North,Pharmacy,04-05-2025,15237.75,466.32,4191,1108,0.12
S014,South,Grocery,04-05-2025,69203.71,750.62,1888,1841,0.26
S014,South,Electronics,04-05-2025,32284.53,826.75,3865,867,0.22
S014,South,Clothing,04-05-2025,56455.22,2463.18,4985,1194,0.16
S014,South,Home Goods,04-05-2025,15261.99,2025.66,2577,995,0.16
S014,South,Pharmacy,04-05-2025,48959.24,1869.11,4085,1956,0.12
S015,North,Grocery,04-05-2025,10249.41,822.83,4447,1058,0.28
S015,North,Electronics,04-05-2025,13224.38,608.17,4854,1487,0.15
S015,North,Clothing,04-05-2025,58353.84,8093.04,1728,1677,0.17
S015,North,Home Goods,04-05-2025,72500.8,5240.31,2716,1654,0.17
S015,North,Pharmacy,04-05-2025,69120.65,6196.93,3635,676,0.16
S016,North,Grocery,04-05-2025,57132.23,6940.54,1665,1878,0.3
S016,North,Electronics,04-05-2025,61433.48,5786.65,2069,801,0.21
S016,North,Clothing,04-05-2025,12669.43,1447.81,2152,1060,0.1
S016,North,Home Goods,04-05-2025,14062.95,903.48,4271,1680,0.19
S016,North,Pharmacy,04-05-2025,50248.28,3881.24,4142,1756,0.14
S017,South,Grocery,04-05-2025,17334.81,1620.82,4232,1037,0.11
S017,South,Electronics,04-05-2025,34731.32,863.34,1067,958,0.22
S017,South,Clothing,04-05-2025,62364.14,3240.04,1729,1055,0.21
S017,South,Home Goods,04-05-2025,50188.9,5284.6,3795,781,0.2
S017,South,Pharmacy,04-05-2025,37869.68,663.84,3793,1980,0.17
S018,West,Grocery,04-05-2025,31687.96,2036.82,3351,1903,0.25
S018,West,Electronics,04-05-2025,65702.69,9291.68,2206,1791,0.24
S018,West,Clothing,04-05-2025,65610.82,4498.33,4410,1173,0.29
S018,West,Home Goods,04-05-2025,43518.98,3464.79,4427,777,0.12
S018,West,Pharmacy,04-05-2025,64736.95,6213.36,4444,1574,0.14
S019,North,Grocery,04-05-2025,46107.32,4230.29,3131,1678,0.27
S019,North,Electronics,04-05-2025,15477.18,926.36,4140,1022,0.15
S019,North,Clothing,04-05-2025,63798.89,7246.37,2716,1816,0.12
S019,North,Home Goods,04-05-2025,19135.56,958.81,2177,904,0.25
S019,North,Pharmacy,04-05-2025,64374.51,6991.52,2641,971,0.25
S020,South,Grocery,04-05-2025,29907.41,1408.98,3825,863,0.12
S020,South,Electronics,04-05-2025,44594.49,5575.64,2936,1462,0.16
S020,South,Clothing,04-05-2025,44610.61,3971.16,1515,1437,0.13
S020,South,Home Goods,04-05-2025,34682.93,3343.68,4203,1349,0.25
S020,South,Pharmacy,04-05-2025,69969.24,8166.09,1865,1273,0.14
